layer,train_input,test_input,subset,fold,auroc,n,pos
1,q,q,all,oof,0.6250395694840138,1224,756
1,q,q,all,0,0.6512129380053908,246,140
1,q,q,all,1,0.571024512884978,246,172
1,q,q,all,2,0.5988455988455988,244,154
1,q,q,all,3,0.6176037680306152,244,158
1,q,q,all,4,0.6985930735930737,244,132
1,q,q,C+,oof,0.6250395694840138,612,378
1,q,q,C+,0,0.6512129380053908,123,70
1,q,q,C+,1,0.571024512884978,123,86
1,q,q,C+,2,0.5988455988455988,122,77
1,q,q,C+,3,0.6176037680306152,122,79
1,q,q,C+,4,0.6985930735930737,122,66
1,q,q,C-,oof,0.6250395694840138,612,378
1,q,q,C-,0,0.6512129380053908,123,70
1,q,q,C-,1,0.571024512884978,123,86
1,q,q,C-,2,0.5988455988455988,122,77
1,q,q,C-,3,0.6176037680306152,122,79
1,q,q,C-,4,0.6985930735930737,122,66
1,q,cq,all,oof,0.6033159227603673,1224,756
1,q,cq,all,0,0.6336253369272238,246,140
1,q,cq,all,1,0.566781898177247,246,172
1,q,cq,all,2,0.5886002886002886,244,154
1,q,cq,all,3,0.5245805122166618,244,158
1,q,cq,all,4,0.6700487012987012,244,132
1,q,cq,C+,oof,0.60656627323294,612,378
1,q,cq,C+,0,0.6331536388140162,123,70
1,q,cq,C+,1,0.5791954745443118,123,86
1,q,cq,C+,2,0.6025974025974026,122,77
1,q,cq,C+,3,0.5228142478657639,122,79
1,q,cq,C+,4,0.6718073593073594,122,66
1,q,cq,C-,oof,0.5998281553837109,612,378
1,q,cq,C-,0,0.6331536388140161,123,70
1,q,cq,C-,1,0.5562539283469516,123,86
1,q,cq,C-,2,0.5731601731601732,122,77
1,q,cq,C-,3,0.525758021783927,122,79
1,q,cq,C-,4,0.6682900432900433,122,66
1,cq,cq,all,oof,0.6473963279518835,1224,756
1,cq,cq,all,0,0.6450808625336927,246,140
1,cq,cq,all,1,0.60779384035198,246,172
1,cq,cq,all,2,0.6422077922077922,244,154
1,cq,cq,all,3,0.596335001471887,244,158
1,cq,cq,all,4,0.7576433982683983,244,132
1,cq,cq,C+,oof,0.6474585085696196,612,378
1,cq,cq,C+,0,0.6425876010781671,123,70
1,cq,cq,C+,1,0.6087366436203645,123,86
1,cq,cq,C+,2,0.6476190476190475,122,77
1,cq,cq,C+,3,0.5964085958198411,122,79
1,cq,cq,C+,4,0.7516233766233765,122,66
1,cq,cq,C-,oof,0.6473680640347307,612,378
1,cq,cq,C-,0,0.6482479784366577,123,70
1,cq,cq,C-,1,0.6071653048397234,123,86
1,cq,cq,C-,2,0.6357864357864357,122,77
1,cq,cq,C-,3,0.5955254636443922,122,79
1,cq,cq,C-,4,0.762987012987013,122,66
1,cq,q,all,oof,0.5442047664269887,1224,756
1,cq,q,all,0,0.6784366576819406,246,140
1,cq,q,all,1,0.6546197360150848,246,172
1,cq,q,all,2,0.6932178932178932,244,154
1,cq,q,all,3,0.6853105681483662,244,158
1,cq,q,all,4,0.6585497835497836,244,132
1,cq,q,C+,oof,0.5442047664269887,612,378
1,cq,q,C+,0,0.6784366576819407,123,70
1,cq,q,C+,1,0.6546197360150848,123,86
1,cq,q,C+,2,0.6932178932178932,122,77
1,cq,q,C+,3,0.6853105681483662,122,79
1,cq,q,C+,4,0.6585497835497836,122,66
1,cq,q,C-,oof,0.5442047664269887,612,378
1,cq,q,C-,0,0.6784366576819407,123,70
1,cq,q,C-,1,0.6546197360150848,123,86
1,cq,q,C-,2,0.6932178932178932,122,77
1,cq,q,C-,3,0.6853105681483662,122,79
1,cq,q,C-,4,0.6585497835497836,122,66
2,q,q,all,oof,0.6693008637453082,1224,756
2,q,q,all,0,0.6493261455525606,246,140
2,q,q,all,1,0.670333123821496,246,172
2,q,q,all,2,0.6753246753246752,244,154
2,q,q,all,3,0.6858993229319988,244,158
2,q,q,all,4,0.6918290043290042,244,132
2,q,q,C+,oof,0.6693008637453082,612,378
2,q,q,C+,0,0.6493261455525606,123,70
2,q,q,C+,1,0.6703331238214959,123,86
2,q,q,C+,2,0.6753246753246753,122,77
2,q,q,C+,3,0.6858993229319988,122,79
2,q,q,C+,4,0.6918290043290042,122,66
2,q,q,C-,oof,0.6693008637453082,612,378
2,q,q,C-,0,0.6493261455525606,123,70
2,q,q,C-,1,0.6703331238214959,123,86
2,q,q,C-,2,0.6753246753246753,122,77
2,q,q,C-,3,0.6858993229319988,122,79
2,q,q,C-,4,0.6918290043290042,122,66
2,q,cq,all,oof,0.5308500655722878,1224,756
2,q,cq,all,0,0.5634097035040431,246,140
2,q,cq,all,1,0.5367693274670019,246,172
2,q,cq,all,2,0.5398268398268399,244,154
2,q,cq,all,3,0.49823373564910217,244,158
2,q,cq,all,4,0.5234036796536796,244,132
2,q,cq,C+,oof,0.5322660878216434,612,378
2,q,cq,C+,0,0.5641509433962264,123,70
2,q,cq,C+,1,0.5389692017598994,123,86
2,q,cq,C+,2,0.5466089466089465,122,77
2,q,cq,C+,3,0.4995584339122755,122,79
2,q,cq,C+,4,0.5311147186147186,122,66
2,q,cq,C-,oof,0.5295075295075296,612,378
2,q,cq,C-,0,0.5619946091644205,123,70
2,q,cq,C-,1,0.5339409176618479,123,86
2,q,cq,C-,2,0.5356421356421357,122,77
2,q,cq,C-,3,0.49543715042684716,122,79
2,q,cq,C-,4,0.5173160173160173,122,66
2,cq,cq,all,oof,0.7019230769230769,1224,756
2,cq,cq,all,0,0.7295148247978437,246,140
2,cq,cq,all,1,0.6808610936517914,246,172
2,cq,cq,all,2,0.7092352092352092,244,154
2,cq,cq,all,3,0.659331763320577,244,158
2,cq,cq,all,4,0.7397862554112553,244,132
2,cq,cq,C+,oof,0.7052525663636774,612,378
2,cq,cq,C+,0,0.7296495956873315,123,70
2,cq,cq,C+,1,0.6807039597737272,123,86
2,cq,cq,C+,2,0.7122655122655123,122,77
2,cq,cq,C+,3,0.6676479246393876,122,79
2,cq,cq,C+,4,0.7429653679653679,122,66
2,cq,cq,C-,oof,0.6984126984126984,612,378
2,cq,cq,C-,0,0.7296495956873315,123,70
2,cq,cq,C-,1,0.6759899434318039,123,86
2,cq,cq,C-,2,0.7067821067821067,122,77
2,cq,cq,C-,3,0.6511627906976745,122,79
2,cq,cq,C-,4,0.7386363636363635,122,66
2,cq,q,all,oof,0.53001628001628,1224,756
2,cq,q,all,0,0.6752021563342318,246,140
2,cq,q,all,1,0.6351351351351352,246,172
2,cq,q,all,2,0.6822510822510823,244,154
2,cq,q,all,3,0.710921401236385,244,158
2,cq,q,all,4,0.6804653679653679,244,132
2,cq,q,C+,oof,0.53001628001628,612,378
2,cq,q,C+,0,0.6752021563342318,123,70
2,cq,q,C+,1,0.6351351351351352,123,86
2,cq,q,C+,2,0.6822510822510823,122,77
2,cq,q,C+,3,0.710921401236385,122,79
2,cq,q,C+,4,0.6804653679653679,122,66
2,cq,q,C-,oof,0.53001628001628,612,378
2,cq,q,C-,0,0.6752021563342318,123,70
2,cq,q,C-,1,0.6351351351351352,123,86
2,cq,q,C-,2,0.6822510822510823,122,77
2,cq,q,C-,3,0.710921401236385,122,79
2,cq,q,C-,4,0.6804653679653679,122,66
3,q,q,all,oof,0.6489395378284268,1224,756
3,q,q,all,0,0.6412398921832884,246,140
3,q,q,all,1,0.642049025769956,246,172
3,q,q,all,2,0.6802308802308803,244,154
3,q,q,all,3,0.5799234618781277,244,158
3,q,q,all,4,0.7123917748917749,244,132
3,q,q,C+,oof,0.6489395378284267,612,378
3,q,q,C+,0,0.6412398921832884,123,70
3,q,q,C+,1,0.6420490257699559,123,86
3,q,q,C+,2,0.6802308802308802,122,77
3,q,q,C+,3,0.5799234618781277,122,79
3,q,q,C+,4,0.712391774891775,122,66
3,q,q,C-,oof,0.6489395378284267,612,378
3,q,q,C-,0,0.6412398921832884,123,70
3,q,q,C-,1,0.6420490257699559,123,86
3,q,q,C-,2,0.6802308802308802,122,77
3,q,q,C-,3,0.5799234618781277,122,79
3,q,q,C-,4,0.712391774891775,122,66
3,q,cq,all,oof,0.5078177994844661,1224,756
3,q,cq,all,0,0.5913072776280323,246,140
3,q,cq,all,1,0.5092708988057826,246,172
3,q,cq,all,2,0.7054834054834055,244,154
3,q,cq,all,3,0.5480571092140125,244,158
3,q,cq,all,4,0.6125541125541125,244,132
3,q,cq,C+,oof,0.508671369782481,612,378
3,q,cq,C+,0,0.5954177897574123,123,70
3,q,cq,C+,1,0.507228158390949,123,86
3,q,cq,C+,2,0.7093795093795093,122,77
3,q,cq,C+,3,0.5546070061819253,122,79
3,q,cq,C+,4,0.6041666666666666,122,66
3,q,cq,C-,oof,0.5069642291864513,612,378
3,q,cq,C-,0,0.5884097035040431,123,70
3,q,cq,C-,1,0.5113136392206159,123,86
3,q,cq,C-,2,0.6995670995670995,122,77
3,q,cq,C-,3,0.5413600235501914,122,79
3,q,cq,C-,4,0.6204004329004328,122,66
3,cq,cq,all,oof,0.7252379821824265,1224,756
3,cq,cq,all,0,0.726954177897574,246,140
3,cq,cq,all,1,0.735779384035198,246,172
3,cq,cq,all,2,0.7367243867243867,244,154
3,cq,cq,all,3,0.719458345599058,244,158
3,cq,cq,all,4,0.7291666666666666,244,132
3,cq,cq,C+,oof,0.7283837561615338,612,378
3,cq,cq,C+,0,0.7312668463611859,123,70
3,cq,cq,C+,1,0.7382149591451916,123,86
3,cq,cq,C+,2,0.737085137085137,122,77
3,cq,cq,C+,3,0.7294671769208124,122,79
3,cq,cq,C+,4,0.7348484848484849,122,66
3,cq,cq,C-,oof,0.7222448333559446,612,378
3,cq,cq,C-,0,0.7264150943396226,123,70
3,cq,cq,C-,1,0.7338152105593966,123,86
3,cq,cq,C-,2,0.7356421356421355,122,77
3,cq,cq,C-,3,0.7109214012363851,122,79
3,cq,cq,C-,4,0.725108225108225,122,66
3,cq,q,all,oof,0.5134423189978745,1224,756
3,cq,q,all,0,0.6250673854447438,246,140
3,cq,q,all,1,0.679132620993086,246,172
3,cq,q,all,2,0.5792207792207793,244,154
3,cq,q,all,3,0.7191639682072417,244,158
3,cq,q,all,4,0.5955086580086579,244,132
3,cq,q,C+,oof,0.5134423189978745,612,378
3,cq,q,C+,0,0.6250673854447439,123,70
3,cq,q,C+,1,0.6791326209930861,123,86
3,cq,q,C+,2,0.5792207792207793,122,77
3,cq,q,C+,3,0.7191639682072417,122,79
3,cq,q,C+,4,0.5955086580086579,122,66
3,cq,q,C-,oof,0.5134423189978745,612,378
3,cq,q,C-,0,0.6250673854447439,123,70
3,cq,q,C-,1,0.6791326209930861,123,86
3,cq,q,C-,2,0.5792207792207793,122,77
3,cq,q,C-,3,0.7191639682072417,122,79
3,cq,q,C-,4,0.5955086580086579,122,66
4,q,q,all,oof,0.6633654411432188,1224,756
4,q,q,all,0,0.6630727762803235,246,140
4,q,q,all,1,0.6781898177247013,246,172
4,q,q,all,2,0.6672438672438672,244,154
4,q,q,all,3,0.6311451280541653,244,158
4,q,q,all,4,0.6972402597402598,244,132
4,q,q,C+,oof,0.6633654411432189,612,378
4,q,q,C+,0,0.6630727762803234,123,70
4,q,q,C+,1,0.6781898177247014,123,86
4,q,q,C+,2,0.6672438672438673,122,77
4,q,q,C+,3,0.6311451280541654,122,79
4,q,q,C+,4,0.6972402597402597,122,66
4,q,q,C-,oof,0.6633654411432189,612,378
4,q,q,C-,0,0.6630727762803234,123,70
4,q,q,C-,1,0.6781898177247014,123,86
4,q,q,C-,2,0.6672438672438673,122,77
4,q,q,C-,3,0.6311451280541654,122,79
4,q,q,C-,4,0.6972402597402597,122,66
4,q,cq,all,oof,0.5242306561751006,1224,756
4,q,cq,all,0,0.6299865229110513,246,140
4,q,cq,all,1,0.7524355751099938,246,172
4,q,cq,all,2,0.6904761904761904,244,154
4,q,cq,all,3,0.6474094789520165,244,158
4,q,cq,all,4,0.7220643939393939,244,132
4,q,cq,C+,oof,0.5251888029665808,612,378
4,q,cq,C+,0,0.6318059299191374,123,70
4,q,cq,C+,1,0.7545568824638592,123,86
4,q,cq,C+,2,0.6909090909090908,122,77
4,q,cq,C+,3,0.648807771563144,122,79
4,q,cq,C+,4,0.7210497835497836,122,66
4,q,cq,C-,oof,0.523278162167051,612,378
4,q,cq,C-,0,0.6291105121293801,123,70
4,q,cq,C-,1,0.7492143306096793,123,86
4,q,cq,C-,2,0.6926406926406926,122,77
4,q,cq,C-,3,0.6461583750367972,122,79
4,q,cq,C-,4,0.7226731601731602,122,66
4,cq,cq,all,oof,0.7348505404060959,1224,756
4,cq,cq,all,0,0.7685983827493261,246,140
4,cq,cq,all,1,0.7125235700817096,246,172
4,cq,cq,all,2,0.6925685425685425,244,154
4,cq,cq,all,3,0.7787753900500441,244,158
4,cq,cq,all,4,0.7440476190476191,244,132
4,cq,cq,C+,oof,0.7329851218740108,612,378
4,cq,cq,C+,0,0.7633423180592992,123,70
4,cq,cq,C+,1,0.7124450031426776,123,86
4,cq,cq,C+,2,0.6848484848484849,122,77
4,cq,cq,C+,3,0.7862820135413601,122,79
4,cq,cq,C+,4,0.7426948051948052,122,66
4,cq,cq,C-,oof,0.7367272645050422,612,378
4,cq,cq,C-,0,0.7730458221024259,123,70
4,cq,cq,C-,1,0.711502199874293,123,86
4,cq,cq,C-,2,0.7036075036075036,122,77
4,cq,cq,C-,3,0.7727406535178097,122,79
4,cq,cq,C-,4,0.7445887445887446,122,66
4,cq,q,all,oof,0.565662732329399,1224,756
4,cq,q,all,0,0.7070080862533692,246,140
4,cq,q,all,1,0.6819610307982401,246,172
4,cq,q,all,2,0.5304473304473305,244,154
4,cq,q,all,3,0.6900206064174271,244,158
4,cq,q,all,4,0.6461038961038961,244,132
4,cq,q,C+,oof,0.565662732329399,612,378
4,cq,q,C+,0,0.7070080862533693,123,70
4,cq,q,C+,1,0.6819610307982401,123,86
4,cq,q,C+,2,0.5304473304473305,122,77
4,cq,q,C+,3,0.6900206064174271,122,79
4,cq,q,C+,4,0.6461038961038961,122,66
4,cq,q,C-,oof,0.565662732329399,612,378
4,cq,q,C-,0,0.7070080862533693,123,70
4,cq,q,C-,1,0.6819610307982401,123,86
4,cq,q,C-,2,0.5304473304473305,122,77
4,cq,q,C-,3,0.6900206064174271,122,79
4,cq,q,C-,4,0.6461038961038961,122,66
5,q,q,all,oof,0.718502690724913,1224,756
5,q,q,all,0,0.6994609164420484,246,140
5,q,q,all,1,0.7467001885606537,246,172
5,q,q,all,2,0.7422799422799423,244,154
5,q,q,all,3,0.7076832499264056,244,158
5,q,q,all,4,0.7548701298701298,244,132
5,q,q,C+,oof,0.7185026907249129,612,378
5,q,q,C+,0,0.6994609164420484,123,70
5,q,q,C+,1,0.7467001885606537,123,86
5,q,q,C+,2,0.7422799422799422,122,77
5,q,q,C+,3,0.7076832499264056,122,79
5,q,q,C+,4,0.7548701298701298,122,66
5,q,q,C-,oof,0.7185026907249129,612,378
5,q,q,C-,0,0.6994609164420484,123,70
5,q,q,C-,1,0.7467001885606537,123,86
5,q,q,C-,2,0.7422799422799422,122,77
5,q,q,C-,3,0.7076832499264056,122,79
5,q,q,C-,4,0.7548701298701298,122,66
5,q,cq,all,oof,0.6160177271288383,1224,756
5,q,cq,all,0,0.7128032345013477,246,140
5,q,cq,all,1,0.7746700188560652,246,172
5,q,cq,all,2,0.6767676767676768,244,154
5,q,cq,all,3,0.6594053576685309,244,158
5,q,cq,all,4,0.6280438311688311,244,132
5,q,cq,C+,oof,0.6165943110387554,612,378
5,q,cq,C+,0,0.7102425876010782,123,70
5,q,cq,C+,1,0.7781269641734758,123,86
5,q,cq,C+,2,0.676190476190476,122,77
5,q,cq,C+,3,0.6691198115984691,122,79
5,q,cq,C+,4,0.6274350649350648,122,66
5,q,cq,C-,oof,0.6152150318816986,612,378
5,q,cq,C-,0,0.7164420485175202,123,70
5,q,cq,C-,1,0.7693274670018856,123,86
5,q,cq,C-,2,0.6773448773448774,122,77
5,q,cq,C-,3,0.6479246393876951,122,79
5,q,cq,C-,4,0.6295995670995671,122,66
5,cq,cq,all,oof,0.7448955365622032,1224,756
5,cq,cq,all,0,0.7859164420485175,246,140
5,cq,cq,all,1,0.744028912633564,246,172
5,cq,cq,all,2,0.7000000000000001,244,154
5,cq,cq,all,3,0.796658816602885,244,158
5,cq,cq,all,4,0.7117153679653679,244,132
5,cq,cq,C+,oof,0.746404829738163,612,378
5,cq,cq,C+,0,0.7859838274932615,123,70
5,cq,cq,C+,1,0.7454431175361409,123,86
5,cq,cq,C+,2,0.6946608946608946,122,77
5,cq,cq,C+,3,0.8001177509567265,122,79
5,cq,cq,C+,4,0.715638528138528,122,66
5,cq,cq,C-,oof,0.74335232668566,612,378
5,cq,cq,C-,0,0.7854447439353099,123,70
5,cq,cq,C-,1,0.7404148334380893,123,86
5,cq,cq,C-,2,0.7070707070707071,122,77
5,cq,cq,C-,3,0.7921695613776861,122,79
5,cq,cq,C-,4,0.7080627705627706,122,66
5,cq,q,all,oof,0.6381540270429159,1224,756
5,cq,q,all,0,0.648787061994609,246,140
5,cq,q,all,1,0.7187303582652419,246,172
5,cq,q,all,2,0.5151515151515151,244,154
5,cq,q,all,3,0.6529290550485722,244,158
5,cq,q,all,4,0.6810064935064936,244,132
5,cq,q,C+,oof,0.638154027042916,612,378
5,cq,q,C+,0,0.6487870619946091,123,70
5,cq,q,C+,1,0.718730358265242,123,86
5,cq,q,C+,2,0.5151515151515151,122,77
5,cq,q,C+,3,0.6529290550485722,122,79
5,cq,q,C+,4,0.6810064935064936,122,66
5,cq,q,C-,oof,0.638154027042916,612,378
5,cq,q,C-,0,0.6487870619946091,123,70
5,cq,q,C-,1,0.718730358265242,123,86
5,cq,q,C-,2,0.5151515151515151,122,77
5,cq,q,C-,3,0.6529290550485722,122,79
5,cq,q,C-,4,0.6810064935064936,122,66
6,q,q,all,oof,0.7607063718174828,1224,756
6,q,q,all,0,0.7161725067385445,246,140
6,q,q,all,1,0.8139534883720931,246,172
6,q,q,all,2,0.771139971139971,244,154
6,q,q,all,3,0.7327053282307918,244,158
6,q,q,all,4,0.8111471861471862,244,132
6,q,q,C+,oof,0.7607063718174829,612,378
6,q,q,C+,0,0.7161725067385444,123,70
6,q,q,C+,1,0.8139534883720929,123,86
6,q,q,C+,2,0.771139971139971,122,77
6,q,q,C+,3,0.7327053282307919,122,79
6,q,q,C+,4,0.8111471861471862,122,66
6,q,q,C-,oof,0.7607063718174829,612,378
6,q,q,C-,0,0.7161725067385444,123,70
6,q,q,C-,1,0.8139534883720929,123,86
6,q,q,C-,2,0.771139971139971,122,77
6,q,q,C-,3,0.7327053282307919,122,79
6,q,q,C-,4,0.8111471861471862,122,66
6,q,cq,all,oof,0.5386678650567539,1224,756
6,q,cq,all,0,0.6387466307277627,246,140
6,q,cq,all,1,0.6444060339409178,246,172
6,q,cq,all,2,0.621067821067821,244,154
6,q,cq,all,3,0.5612304974977922,244,158
6,q,cq,all,4,0.5318587662337663,244,132
6,q,cq,C+,oof,0.5379753990865103,612,378
6,q,cq,C+,0,0.633423180592992,123,70
6,q,cq,C+,1,0.6458202388434947,123,86
6,q,cq,C+,2,0.6077922077922078,122,77
6,q,cq,C+,3,0.5646158375036798,122,79
6,q,cq,C+,4,0.5319264069264069,122,66
6,q,cq,C-,oof,0.5393659838104283,612,378
6,q,cq,C-,0,0.6458221024258761,123,70
6,q,cq,C-,1,0.6426775612822124,123,86
6,q,cq,C-,2,0.6343434343434342,122,77
6,q,cq,C-,3,0.557256402708272,122,79
6,q,cq,C-,4,0.5324675324675325,122,66
6,cq,cq,all,oof,0.7547624700402478,1224,756
6,cq,cq,all,0,0.7863881401617251,246,140
6,cq,cq,all,1,0.7626492771841609,246,172
6,cq,cq,all,2,0.7113997113997113,244,154
6,cq,cq,all,3,0.7870179570209008,244,158
6,cq,cq,all,4,0.7328869047619048,244,132
6,cq,cq,C+,oof,0.7542735042735043,612,378
6,cq,cq,C+,0,0.7894878706199461,123,70
6,cq,cq,C+,1,0.7624135763670646,123,86
6,cq,cq,C+,2,0.7030303030303029,122,77
6,cq,cq,C+,3,0.7883426552840741,122,79
6,cq,cq,C+,4,0.7348484848484848,122,66
6,cq,cq,C-,oof,0.7549631438520326,612,378
6,cq,cq,C-,0,0.7840970350404313,123,70
6,cq,cq,C-,1,0.7627278441231929,123,86
6,cq,cq,C-,2,0.7189033189033189,122,77
6,cq,cq,C-,3,0.7862820135413601,122,79
6,cq,cq,C-,4,0.7299783549783551,122,66
6,cq,q,all,oof,0.7065866232532898,1224,756
6,cq,q,all,0,0.723989218328841,246,140
6,cq,q,all,1,0.7620993086109364,246,172
6,cq,q,all,2,0.5812409812409812,244,154
6,cq,q,all,3,0.7226964969090373,244,158
6,cq,q,all,4,0.7895021645021645,244,132
6,cq,q,C+,oof,0.7065866232532898,612,378
6,cq,q,C+,0,0.723989218328841,123,70
6,cq,q,C+,1,0.7620993086109364,123,86
6,cq,q,C+,2,0.5812409812409812,122,77
6,cq,q,C+,3,0.7226964969090374,122,79
6,cq,q,C+,4,0.7895021645021645,122,66
6,cq,q,C-,oof,0.7065866232532898,612,378
6,cq,q,C-,0,0.723989218328841,123,70
6,cq,q,C-,1,0.7620993086109364,123,86
6,cq,q,C-,2,0.5812409812409812,122,77
6,cq,q,C-,3,0.7226964969090374,122,79
6,cq,q,C-,4,0.7895021645021645,122,66
7,q,q,all,oof,0.7809659476326143,1224,756
7,q,q,all,0,0.7159029649595687,246,140
7,q,q,all,1,0.8026398491514771,246,172
7,q,q,all,2,0.8190476190476191,244,154
7,q,q,all,3,0.7697968795996467,244,158
7,q,q,all,4,0.8214285714285713,244,132
7,q,q,C+,oof,0.7809659476326143,612,378
7,q,q,C+,0,0.7159029649595687,123,70
7,q,q,C+,1,0.8026398491514771,123,86
7,q,q,C+,2,0.8190476190476191,122,77
7,q,q,C+,3,0.7697968795996467,122,79
7,q,q,C+,4,0.8214285714285715,122,66
7,q,q,C-,oof,0.7809659476326143,612,378
7,q,q,C-,0,0.7159029649595687,123,70
7,q,q,C-,1,0.8026398491514771,123,86
7,q,q,C-,2,0.8190476190476191,122,77
7,q,q,C-,3,0.7697968795996467,122,79
7,q,q,C-,4,0.8214285714285715,122,66
7,q,cq,all,oof,0.6231911093022204,1224,756
7,q,cq,all,0,0.7115229110512129,246,140
7,q,cq,all,1,0.5868950345694531,246,172
7,q,cq,all,2,0.6503607503607504,244,154
7,q,cq,all,3,0.6210627023844568,244,158
7,q,cq,all,4,0.6036255411255411,244,132
7,q,cq,C+,oof,0.6232193732193732,612,378
7,q,cq,C+,0,0.7099730458221024,123,70
7,q,cq,C+,1,0.5873664362036455,123,86
7,q,cq,C+,2,0.6418470418470419,122,77
7,q,cq,C+,3,0.6287901089196349,122,79
7,q,cq,C+,4,0.601461038961039,122,66
7,q,cq,C-,oof,0.6231967620856509,612,378
7,q,cq,C-,0,0.7129380053908355,123,70
7,q,cq,C-,1,0.5851665619107479,123,86
7,q,cq,C-,2,0.6588744588744588,122,77
7,q,cq,C-,3,0.6134824845451868,122,79
7,q,cq,C-,4,0.6055194805194806,122,66
7,cq,cq,all,oof,0.7632727354949578,1224,756
7,cq,cq,all,0,0.7535714285714286,246,140
7,cq,cq,all,1,0.8065681961030798,246,172
7,cq,cq,all,2,0.7228715728715729,244,154
7,cq,cq,all,3,0.8014424492198999,244,158
7,cq,cq,all,4,0.7474972943722944,244,132
7,cq,cq,C+,oof,0.7628318183873739,612,378
7,cq,cq,C+,0,0.7544474393530998,123,70
7,cq,cq,C+,1,0.8079824010056567,123,86
7,cq,cq,C+,2,0.7177489177489178,122,77
7,cq,cq,C+,3,0.799528996173094,122,79
7,cq,cq,C+,4,0.7483766233766234,122,66
7,cq,cq,C-,oof,0.7635779858002081,612,378
7,cq,cq,C-,0,0.7504043126684636,123,70
7,cq,cq,C-,1,0.8048397234443747,123,86
7,cq,cq,C-,2,0.7298701298701298,122,77
7,cq,cq,C-,3,0.8027671474830733,122,79
7,cq,cq,C-,4,0.7481060606060606,122,66
7,cq,q,all,oof,0.7031384253606476,1224,756
7,cq,q,all,0,0.7258760107816711,246,140
7,cq,q,all,1,0.7218730358265242,246,172
7,cq,q,all,2,0.5725829725829726,244,154
7,cq,q,all,3,0.7279952899617308,244,158
7,cq,q,all,4,0.7391774891774892,244,132
7,cq,q,C+,oof,0.7031384253606476,612,378
7,cq,q,C+,0,0.7258760107816712,123,70
7,cq,q,C+,1,0.7218730358265242,123,86
7,cq,q,C+,2,0.5725829725829726,122,77
7,cq,q,C+,3,0.7279952899617309,122,79
7,cq,q,C+,4,0.7391774891774892,122,66
7,cq,q,C-,oof,0.7031384253606476,612,378
7,cq,q,C-,0,0.7258760107816712,123,70
7,cq,q,C-,1,0.7218730358265242,123,86
7,cq,q,C-,2,0.5725829725829726,122,77
7,cq,q,C-,3,0.7279952899617309,122,79
7,cq,q,C-,4,0.7391774891774892,122,66
8,q,q,all,oof,0.8046171935060823,1224,756
8,q,q,all,0,0.7598382749326146,246,140
8,q,q,all,1,0.8268384663733499,246,172
8,q,q,all,2,0.8386724386724387,244,154
8,q,q,all,3,0.8092434501030321,244,158
8,q,q,all,4,0.8268398268398269,244,132
8,q,q,C+,oof,0.8046171935060824,612,378
8,q,q,C+,0,0.7598382749326146,123,70
8,q,q,C+,1,0.8268384663733501,123,86
8,q,q,C+,2,0.8386724386724387,122,77
8,q,q,C+,3,0.8092434501030321,122,79
8,q,q,C+,4,0.8268398268398269,122,66
8,q,q,C-,oof,0.8046171935060824,612,378
8,q,q,C-,0,0.7598382749326146,123,70
8,q,q,C-,1,0.8268384663733501,123,86
8,q,q,C-,2,0.8386724386724387,122,77
8,q,q,C-,3,0.8092434501030321,122,79
8,q,q,C-,4,0.8268398268398269,122,66
8,q,cq,all,oof,0.6528710487043821,1224,756
8,q,cq,all,0,0.720687331536388,246,140
8,q,cq,all,1,0.5799025769956002,246,172
8,q,cq,all,2,0.6531746031746033,244,154
8,q,cq,all,3,0.6530762437444804,244,158
8,q,cq,all,4,0.6255411255411256,244,132
8,q,cq,C+,oof,0.6525007913896802,612,378
8,q,cq,C+,0,0.7223719676549866,123,70
8,q,cq,C+,1,0.5857950974230044,123,86
8,q,cq,C+,2,0.6447330447330447,122,77
8,q,cq,C+,3,0.6567559611421843,122,79
8,q,cq,C+,4,0.6244588744588744,122,66
8,q,cq,C-,oof,0.652839958395514,612,378
8,q,cq,C-,0,0.7188679245283018,123,70
8,q,cq,C-,1,0.5754242614707732,123,86
8,q,cq,C-,2,0.6608946608946609,122,77
8,q,cq,C-,3,0.6499852811304092,122,79
8,q,cq,C-,4,0.6263528138528138,122,66
8,cq,cq,all,oof,0.786451973951974,1224,756
8,cq,cq,all,0,0.7781671159029648,246,140
8,cq,cq,all,1,0.8334380892520427,246,172
8,cq,cq,all,2,0.7651515151515151,244,154
8,cq,cq,all,3,0.8209449514277304,244,158
8,cq,cq,all,4,0.7598079004329005,244,132
8,cq,cq,C+,oof,0.7867543978655089,612,378
8,cq,cq,C+,0,0.7816711590296496,123,70
8,cq,cq,C+,1,0.8375235700817095,123,86
8,cq,cq,C+,2,0.7572871572871573,122,77
8,cq,cq,C+,3,0.8195466588166029,122,79
8,cq,cq,C+,4,0.7640692640692641,122,66
8,cq,cq,C-,oof,0.7857255912811468,612,378
8,cq,cq,C-,0,0.7743935309973045,123,70
8,cq,cq,C-,1,0.8309239472030169,123,86
8,cq,cq,C-,2,0.7717171717171717,122,77
8,cq,cq,C-,3,0.8207241683838681,122,79
8,cq,cq,C-,4,0.7554112554112553,122,66
8,cq,q,all,oof,0.749717360828472,1224,756
8,cq,q,all,0,0.7212938005390835,246,140
8,cq,q,all,1,0.8139534883720929,246,172
8,cq,q,all,2,0.7007215007215007,244,154
8,cq,q,all,3,0.7736237856932587,244,158
8,cq,q,all,4,0.8008658008658008,244,132
8,cq,q,C+,oof,0.749717360828472,612,378
8,cq,q,C+,0,0.7212938005390834,123,70
8,cq,q,C+,1,0.813953488372093,123,86
8,cq,q,C+,2,0.7007215007215007,122,77
8,cq,q,C+,3,0.7736237856932587,122,79
8,cq,q,C+,4,0.8008658008658008,122,66
8,cq,q,C-,oof,0.749717360828472,612,378
8,cq,q,C-,0,0.7212938005390834,123,70
8,cq,q,C-,1,0.813953488372093,123,86
8,cq,q,C-,2,0.7007215007215007,122,77
8,cq,q,C-,3,0.7736237856932587,122,79
8,cq,q,C-,4,0.8008658008658008,122,66
9,q,q,all,oof,0.8200379867046534,1224,756
9,q,q,all,0,0.783288409703504,246,140
9,q,q,all,1,0.8394091766184789,246,172
9,q,q,all,2,0.8507936507936508,244,154
9,q,q,all,3,0.8257285840447454,244,158
9,q,q,all,4,0.8303571428571429,244,132
9,q,q,C+,oof,0.8200379867046534,612,378
9,q,q,C+,0,0.783288409703504,123,70
9,q,q,C+,1,0.8394091766184789,123,86
9,q,q,C+,2,0.8507936507936508,122,77
9,q,q,C+,3,0.8257285840447454,122,79
9,q,q,C+,4,0.8303571428571429,122,66
9,q,q,C-,oof,0.8200379867046534,612,378
9,q,q,C-,0,0.783288409703504,123,70
9,q,q,C-,1,0.8394091766184789,123,86
9,q,q,C-,2,0.8507936507936508,122,77
9,q,q,C-,3,0.8257285840447454,122,79
9,q,q,C-,4,0.8303571428571429,122,66
9,q,cq,all,oof,0.6069167458056347,1224,756
9,q,cq,all,0,0.711522911051213,246,140
9,q,cq,all,1,0.6333280955373979,246,172
9,q,cq,all,2,0.6514430014430015,244,154
9,q,cq,all,3,0.6387253458934354,244,158
9,q,cq,all,4,0.6441423160173161,244,132
9,q,cq,C+,oof,0.6091326369104147,612,378
9,q,cq,C+,0,0.7183288409703503,123,70
9,q,cq,C+,1,0.6404776869893148,123,86
9,q,cq,C+,2,0.6499278499278498,122,77
9,q,cq,C+,3,0.6423314689431853,122,79
9,q,cq,C+,4,0.6477272727272727,122,66
9,q,cq,C-,oof,0.6045538823316601,612,378
9,q,cq,C-,0,0.7045822102425876,123,70
9,q,cq,C-,1,0.6266499057196732,123,86
9,q,cq,C-,2,0.6519480519480519,122,77
9,q,cq,C-,3,0.6373270532823079,122,79
9,q,cq,C-,4,0.64258658008658,122,66
9,cq,cq,all,oof,0.7836453669787004,1224,756
9,cq,cq,all,0,0.7758086253369273,246,140
9,cq,cq,all,1,0.8212602137020741,246,172
9,cq,cq,all,2,0.7682539682539683,244,154
9,cq,cq,all,3,0.8178539888136591,244,158
9,cq,cq,all,4,0.7540584415584416,244,132
9,cq,cq,C+,oof,0.7820512820512819,612,378
9,cq,cq,C+,0,0.776010781671159,123,70
9,cq,cq,C+,1,0.826524198617222,123,86
9,cq,cq,C+,2,0.7590187590187589,122,77
9,cq,cq,C+,3,0.8160141301148072,122,79
9,cq,cq,C+,4,0.7537878787878788,122,66
9,cq,cq,C-,oof,0.7851716185049518,612,378
9,cq,cq,C-,0,0.7765498652291105,123,70
9,cq,cq,C-,1,0.8148962916404777,123,86
9,cq,cq,C-,2,0.7757575757575759,122,77
9,cq,cq,C-,3,0.8198410362084191,122,79
9,cq,cq,C-,4,0.7564935064935066,122,66
9,cq,q,all,oof,0.725715642382309,1224,756
9,cq,q,all,0,0.7234501347708895,246,140
9,cq,q,all,1,0.7328724072910119,246,172
9,cq,q,all,2,0.7021645021645022,244,154
9,cq,q,all,3,0.7200471003826906,244,158
9,cq,q,all,4,0.7973484848484849,244,132
9,cq,q,C+,oof,0.7257156423823091,612,378
9,cq,q,C+,0,0.7234501347708895,123,70
9,cq,q,C+,1,0.7328724072910119,123,86
9,cq,q,C+,2,0.7021645021645022,122,77
9,cq,q,C+,3,0.7200471003826906,122,79
9,cq,q,C+,4,0.7973484848484849,122,66
9,cq,q,C-,oof,0.7257156423823091,612,378
9,cq,q,C-,0,0.7234501347708895,123,70
9,cq,q,C-,1,0.7328724072910119,123,86
9,cq,q,C-,2,0.7021645021645022,122,77
9,cq,q,C-,3,0.7200471003826906,122,79
9,cq,q,C-,4,0.7973484848484849,122,66
10,q,q,all,oof,0.8309139420250531,1224,756
10,q,q,all,0,0.7840970350404313,246,140
10,q,q,all,1,0.8472658705216844,246,172
10,q,q,all,2,0.8614718614718615,244,154
10,q,q,all,3,0.8681189284662938,244,158
10,q,q,all,4,0.8203463203463204,244,132
10,q,q,C+,oof,0.8309139420250531,612,378
10,q,q,C+,0,0.7840970350404313,123,70
10,q,q,C+,1,0.8472658705216844,123,86
10,q,q,C+,2,0.8614718614718614,122,77
10,q,q,C+,3,0.8681189284662938,122,79
10,q,q,C+,4,0.8203463203463204,122,66
10,q,q,C-,oof,0.8309139420250531,612,378
10,q,q,C-,0,0.7840970350404313,123,70
10,q,q,C-,1,0.8472658705216844,123,86
10,q,q,C-,2,0.8614718614718614,122,77
10,q,q,C-,3,0.8681189284662938,122,79
10,q,q,C-,4,0.8203463203463204,122,66
10,q,cq,all,oof,0.5629296115407227,1224,756
10,q,cq,all,0,0.7523584905660377,246,140
10,q,cq,all,1,0.5725172847265871,246,172
10,q,cq,all,2,0.5422799422799424,244,154
10,q,cq,all,3,0.5967029732116574,244,158
10,q,cq,all,4,0.5454545454545454,244,132
10,q,cq,C+,oof,0.5623049789716457,612,378
10,q,cq,C+,0,0.7566037735849056,123,70
10,q,cq,C+,1,0.5659962287869265,123,86
10,q,cq,C+,2,0.5408369408369408,122,77
10,q,cq,C+,3,0.590521047983515,122,79
10,q,cq,C+,4,0.5419372294372294,122,66
10,q,cq,C-,oof,0.5635033690589246,612,378
10,q,cq,C-,0,0.7474393530997303,123,70
10,q,cq,C-,1,0.5791954745443118,123,86
10,q,cq,C-,2,0.5440115440115441,122,77
10,q,cq,C-,3,0.6034736532234325,122,79
10,q,cq,C-,4,0.5478896103896104,122,66
10,cq,cq,all,oof,0.794651336318003,1224,756
10,cq,cq,all,0,0.7865902964959569,246,140
10,cq,cq,all,1,0.8273884349465745,246,172
10,cq,cq,all,2,0.7761904761904762,244,154
10,cq,cq,all,3,0.8410362084191934,244,158
10,cq,cq,all,4,0.7661661255411255,244,132
10,cq,cq,C+,oof,0.7920001808890698,612,378
10,cq,cq,C+,0,0.7873315363881401,123,70
10,cq,cq,C+,1,0.829666876178504,123,86
10,cq,cq,C+,2,0.761904761904762,122,77
10,cq,cq,C+,3,0.8398586988519282,122,79
10,cq,cq,C+,4,0.7613636363636364,122,66
10,cq,cq,C-,oof,0.7973590195812417,612,378
10,cq,cq,C-,0,0.7873315363881401,123,70
10,cq,cq,C-,1,0.8268384663733501,123,86
10,cq,cq,C-,2,0.7904761904761903,122,77
10,cq,cq,C-,3,0.8439799823373566,122,79
10,cq,cq,C-,4,0.7697510822510822,122,66
10,cq,q,all,oof,0.7417356306245195,1224,756
10,cq,q,all,0,0.7377358490566037,246,140
10,cq,q,all,1,0.6935889377749843,246,172
10,cq,q,all,2,0.7645021645021645,244,154
10,cq,q,all,3,0.7541948778333823,244,158
10,cq,q,all,4,0.7922077922077922,244,132
10,cq,q,C+,oof,0.7417356306245195,612,378
10,cq,q,C+,0,0.7377358490566037,123,70
10,cq,q,C+,1,0.6935889377749842,123,86
10,cq,q,C+,2,0.7645021645021643,122,77
10,cq,q,C+,3,0.7541948778333823,122,79
10,cq,q,C+,4,0.7922077922077922,122,66
10,cq,q,C-,oof,0.7417356306245195,612,378
10,cq,q,C-,0,0.7377358490566037,123,70
10,cq,q,C-,1,0.6935889377749842,123,86
10,cq,q,C-,2,0.7645021645021643,122,77
10,cq,q,C-,3,0.7541948778333823,122,79
10,cq,q,C-,4,0.7922077922077922,122,66
11,q,q,all,oof,0.8432030932030931,1224,756
11,q,q,all,0,0.8021563342318059,246,140
11,q,q,all,1,0.8488372093023256,246,172
11,q,q,all,2,0.8686868686868687,244,154
11,q,q,all,3,0.869296438033559,244,158
11,q,q,all,4,0.8552489177489178,244,132
11,q,q,C+,oof,0.8432030932030932,612,378
11,q,q,C+,0,0.8021563342318059,123,70
11,q,q,C+,1,0.8488372093023255,123,86
11,q,q,C+,2,0.8686868686868687,122,77
11,q,q,C+,3,0.869296438033559,122,79
11,q,q,C+,4,0.8552489177489176,122,66
11,q,q,C-,oof,0.8432030932030932,612,378
11,q,q,C-,0,0.8021563342318059,123,70
11,q,q,C-,1,0.8488372093023255,123,86
11,q,q,C-,2,0.8686868686868687,122,77
11,q,q,C-,3,0.869296438033559,122,79
11,q,q,C-,4,0.8552489177489176,122,66
11,q,cq,all,oof,0.49941776330665216,1224,756
11,q,cq,all,0,0.7004043126684636,246,140
11,q,cq,all,1,0.4412319296040226,246,172
11,q,cq,all,2,0.5121212121212121,244,154
11,q,cq,all,3,0.4374448042390344,244,158
11,q,cq,all,4,0.4738906926406926,244,132
11,q,cq,C+,oof,0.4964161353050242,612,378
11,q,cq,C+,0,0.7094339622641509,123,70
11,q,cq,C+,1,0.44091766184789444,123,86
11,q,cq,C+,2,0.5053391053391054,122,77
11,q,cq,C+,3,0.4292022372681778,122,79
11,q,cq,C+,4,0.4678030303030303,122,66
11,q,cq,C-,oof,0.5022611133722245,612,378
11,q,cq,C-,0,0.6913746630727762,123,70
11,q,cq,C-,1,0.44091766184789444,123,86
11,q,cq,C-,2,0.5203463203463203,122,77
11,q,cq,C-,3,0.44450986164262585,122,79
11,q,cq,C-,4,0.47970779220779214,122,66
11,cq,cq,all,oof,0.7773255551033329,1224,756
11,cq,cq,all,0,0.7659029649595687,246,140
11,cq,cq,all,1,0.8072752985543683,246,172
11,cq,cq,all,2,0.7943001443001444,244,154
11,cq,cq,all,3,0.8311745657933471,244,158
11,cq,cq,all,4,0.7215909090909092,244,132
11,cq,cq,C+,oof,0.7772690272690272,612,378
11,cq,cq,C+,0,0.7703504043126684,123,70
11,cq,cq,C+,1,0.8161533626649906,123,86
11,cq,cq,C+,2,0.7933621933621935,122,77
11,cq,cq,C+,3,0.8307329997056225,122,79
11,cq,cq,C+,4,0.7150974025974026,122,66
11,cq,cq,C-,oof,0.7777212499434722,612,378
11,cq,cq,C-,0,0.7628032345013477,123,70
11,cq,cq,C-,1,0.7994971715901948,123,86
11,cq,cq,C-,2,0.7965367965367965,122,77
11,cq,cq,C-,3,0.8298498675301736,122,79
11,cq,cq,C-,4,0.7307900432900432,122,66
11,cq,q,all,oof,0.7616899561344005,1224,756
11,cq,q,all,0,0.7080862533692722,246,140
11,cq,q,all,1,0.7592708988057826,246,172
11,cq,q,all,2,0.7711399711399711,244,154
11,cq,q,all,3,0.8142478657639094,244,158
11,cq,q,all,4,0.8208874458874459,244,132
11,cq,q,C+,oof,0.7616899561344006,612,378
11,cq,q,C+,0,0.7080862533692722,123,70
11,cq,q,C+,1,0.7592708988057826,123,86
11,cq,q,C+,2,0.7711399711399711,122,77
11,cq,q,C+,3,0.8142478657639094,122,79
11,cq,q,C+,4,0.820887445887446,122,66
11,cq,q,C-,oof,0.7616899561344006,612,378
11,cq,q,C-,0,0.7080862533692722,123,70
11,cq,q,C-,1,0.7592708988057826,123,86
11,cq,q,C-,2,0.7711399711399711,122,77
11,cq,q,C-,3,0.8142478657639094,122,79
11,cq,q,C-,4,0.820887445887446,122,66
12,q,q,all,oof,0.841337674671008,1224,756
12,q,q,all,0,0.8035040431266847,246,140
12,q,q,all,1,0.845065996228787,246,172
12,q,q,all,2,0.8603174603174603,244,154
12,q,q,all,3,0.8731233441271711,244,158
12,q,q,all,4,0.8498376623376622,244,132
12,q,q,C+,oof,0.8413376746710082,612,378
12,q,q,C+,0,0.8035040431266848,123,70
12,q,q,C+,1,0.845065996228787,123,86
12,q,q,C+,2,0.8603174603174603,122,77
12,q,q,C+,3,0.8731233441271711,122,79
12,q,q,C+,4,0.8498376623376623,122,66
12,q,q,C-,oof,0.8413376746710082,612,378
12,q,q,C-,0,0.8035040431266848,123,70
12,q,q,C-,1,0.845065996228787,123,86
12,q,q,C-,2,0.8603174603174603,122,77
12,q,q,C-,3,0.8731233441271711,122,79
12,q,q,C-,4,0.8498376623376623,122,66
12,q,cq,all,oof,0.5288348482792927,1224,756
12,q,cq,all,0,0.6933962264150944,246,140
12,q,cq,all,1,0.5760527969830296,246,172
12,q,cq,all,2,0.5459595959595961,244,154
12,q,cq,all,3,0.5051516043567854,244,158
12,q,cq,all,4,0.4651650432900433,244,132
12,q,cq,C+,oof,0.5296997241441685,612,378
12,q,cq,C+,0,0.711320754716981,123,70
12,q,cq,C+,1,0.5845380263984915,123,86
12,q,cq,C+,2,0.5336219336219337,122,77
12,q,cq,C+,3,0.49779216956137773,122,79
12,q,cq,C+,4,0.456439393939394,122,66
12,q,cq,C-,oof,0.5279134445801112,612,378
12,q,cq,C-,0,0.6743935309973046,123,70
12,q,cq,C-,1,0.5713387806411062,123,86
12,q,cq,C-,2,0.5581529581529581,122,77
12,q,cq,C-,3,0.5122166617603767,122,79
12,q,cq,C-,4,0.47429653679653677,122,66
12,cq,cq,all,oof,0.7982097634875412,1224,756
12,cq,cq,all,0,0.8144204851752022,246,140
12,cq,cq,all,1,0.7931332495285984,246,172
12,cq,cq,all,2,0.787012987012987,244,154
12,cq,cq,all,3,0.852075360612305,244,158
12,cq,cq,all,4,0.755073051948052,244,132
12,cq,cq,C+,oof,0.8022543300321079,612,378
12,cq,cq,C+,0,0.8234501347708895,123,70
12,cq,cq,C+,1,0.8073538654934005,123,86
12,cq,cq,C+,2,0.784992784992785,122,77
12,cq,cq,C+,3,0.8569325875772741,122,79
12,cq,cq,C+,4,0.7505411255411256,122,66
12,cq,cq,C-,oof,0.7944082666304888,612,378
12,cq,cq,C-,0,0.8061994609164421,123,70
12,cq,cq,C-,1,0.7809553739786297,123,86
12,cq,cq,C-,2,0.789033189033189,122,77
12,cq,cq,C-,3,0.8475125110391521,122,79
12,cq,cq,C-,4,0.761634199134199,122,66
12,cq,q,all,oof,0.7588409532853978,1224,756
12,cq,q,all,0,0.7296495956873316,246,140
12,cq,q,all,1,0.7655562539283469,246,172
12,cq,q,all,2,0.8005772005772006,244,154
12,cq,q,all,3,0.8068884309685015,244,158
12,cq,q,all,4,0.8203463203463204,244,132
12,cq,q,C+,oof,0.7588409532853977,612,378
12,cq,q,C+,0,0.7296495956873316,123,70
12,cq,q,C+,1,0.7655562539283469,123,86
12,cq,q,C+,2,0.8005772005772006,122,77
12,cq,q,C+,3,0.8068884309685015,122,79
12,cq,q,C+,4,0.8203463203463204,122,66
12,cq,q,C-,oof,0.7588409532853977,612,378
12,cq,q,C-,0,0.7296495956873316,123,70
12,cq,q,C-,1,0.7655562539283469,123,86
12,cq,q,C-,2,0.8005772005772006,122,77
12,cq,q,C-,3,0.8068884309685015,122,79
12,cq,q,C-,4,0.8203463203463204,122,66
13,q,q,all,oof,0.8483132094243206,1224,756
13,q,q,all,0,0.8277628032345014,246,140
13,q,q,all,1,0.8673790069138906,246,172
13,q,q,all,2,0.8626262626262626,244,154
13,q,q,all,3,0.885487194583456,244,158
13,q,q,all,4,0.8349567099567099,244,132
13,q,q,C+,oof,0.8483132094243205,612,378
13,q,q,C+,0,0.8277628032345014,123,70
13,q,q,C+,1,0.8673790069138906,123,86
13,q,q,C+,2,0.8626262626262626,122,77
13,q,q,C+,3,0.8854871945834559,122,79
13,q,q,C+,4,0.83495670995671,122,66
13,q,q,C-,oof,0.8483132094243205,612,378
13,q,q,C-,0,0.8277628032345014,123,70
13,q,q,C-,1,0.8673790069138906,123,86
13,q,q,C-,2,0.8626262626262626,122,77
13,q,q,C-,3,0.8854871945834559,122,79
13,q,q,C-,4,0.83495670995671,122,66
13,q,cq,all,oof,0.4478785103785104,1224,756
13,q,cq,all,0,0.49966307277628036,246,140
13,q,cq,all,1,0.46747328724072906,246,172
13,q,cq,all,2,0.42857142857142855,244,154
13,q,cq,all,3,0.44738004121283487,244,158
13,q,cq,all,4,0.39650974025974023,244,132
13,q,cq,C+,oof,0.44915886582553255,612,378
13,q,cq,C+,0,0.5102425876010782,123,70
13,q,cq,C+,1,0.4657448145820239,123,86
13,q,cq,C+,2,0.42222222222222217,122,77
13,q,cq,C+,3,0.4498086546953194,122,79
13,q,cq,C+,4,0.3814935064935065,122,66
13,q,cq,C-,oof,0.44566544566544564,612,378
13,q,cq,C-,0,0.48625336927223717,123,70
13,q,cq,C-,1,0.4707730986800754,123,86
13,q,cq,C-,2,0.434054834054834,122,77
13,q,cq,C-,3,0.44215484250809534,122,79
13,q,cq,C-,4,0.4099025974025974,122,66
13,cq,cq,all,oof,0.8140601682268348,1224,756
13,cq,cq,all,0,0.8109838274932615,246,140
13,cq,cq,all,1,0.8129321181646763,246,172
13,cq,cq,all,2,0.8114718614718615,244,154
13,cq,cq,all,3,0.8529584927877539,244,158
13,cq,cq,all,4,0.7858495670995671,244,132
13,cq,cq,C+,oof,0.815594898928232,612,378
13,cq,cq,C+,0,0.8169811320754717,123,70
13,cq,cq,C+,1,0.8258956631049654,123,86
13,cq,cq,C+,2,0.8075036075036075,122,77
13,cq,cq,C+,3,0.8569325875772741,122,79
13,cq,cq,C+,4,0.7757034632034633,122,66
13,cq,cq,C-,oof,0.813175507619952,612,378
13,cq,cq,C-,0,0.8053908355795149,123,70
13,cq,cq,C-,1,0.8013827781269641,123,86
13,cq,cq,C-,2,0.8158730158730159,122,77
13,cq,cq,C-,3,0.8507506623491315,122,79
13,cq,cq,C-,4,0.7957251082251082,122,66
13,cq,q,all,oof,0.7447203002758558,1224,756
13,cq,q,all,0,0.7078167115902965,246,140
13,cq,q,all,1,0.8177247014456317,246,172
13,cq,q,all,2,0.7621933621933622,244,154
13,cq,q,all,3,0.7686193700323816,244,158
13,cq,q,all,4,0.7740800865800865,244,132
13,cq,q,C+,oof,0.7447203002758558,612,378
13,cq,q,C+,0,0.7078167115902965,123,70
13,cq,q,C+,1,0.8177247014456317,123,86
13,cq,q,C+,2,0.7621933621933622,122,77
13,cq,q,C+,3,0.7686193700323816,122,79
13,cq,q,C+,4,0.7740800865800864,122,66
13,cq,q,C-,oof,0.7447203002758558,612,378
13,cq,q,C-,0,0.7078167115902965,123,70
13,cq,q,C-,1,0.8177247014456317,123,86
13,cq,q,C-,2,0.7621933621933622,122,77
13,cq,q,C-,3,0.7686193700323816,122,79
13,cq,q,C-,4,0.7740800865800864,122,66
14,q,q,all,oof,0.8471713471713473,1224,756
14,q,q,all,0,0.8315363881401617,246,140
14,q,q,all,1,0.8632935260842236,246,172
14,q,q,all,2,0.8516594516594516,244,154
14,q,q,all,3,0.8904916102443332,244,158
14,q,q,all,4,0.827922077922078,244,132
14,q,q,C+,oof,0.8471713471713471,612,378
14,q,q,C+,0,0.8315363881401617,123,70
14,q,q,C+,1,0.8632935260842237,123,86
14,q,q,C+,2,0.8516594516594517,122,77
14,q,q,C+,3,0.8904916102443332,122,79
14,q,q,C+,4,0.8279220779220778,122,66
14,q,q,C-,oof,0.8471713471713471,612,378
14,q,q,C-,0,0.8315363881401617,123,70
14,q,q,C-,1,0.8632935260842237,123,86
14,q,q,C-,2,0.8516594516594517,122,77
14,q,q,C-,3,0.8904916102443332,122,79
14,q,q,C-,4,0.8279220779220778,122,66
14,q,cq,all,oof,0.5438627730294397,1224,756
14,q,cq,all,0,0.6188679245283019,246,140
14,q,cq,all,1,0.5958516656191074,246,172
14,q,cq,all,2,0.5556277056277056,244,154
14,q,cq,all,3,0.6188548719458346,244,158
14,q,cq,all,4,0.43337391774891776,244,132
14,q,cq,C+,oof,0.5407678741012074,612,378
14,q,cq,C+,0,0.6336927223719677,123,70
14,q,cq,C+,1,0.6209930861093652,123,86
14,q,cq,C+,2,0.5336219336219336,122,77
14,q,cq,C+,3,0.6093612010597587,122,79
14,q,cq,C+,4,0.41450216450216454,122,66
14,q,cq,C-,oof,0.548297381630715,612,378
14,q,cq,C-,0,0.6091644204851752,123,70
14,q,cq,C-,1,0.5678818353236958,123,86
14,q,cq,C-,2,0.5812409812409812,122,77
14,q,cq,C-,3,0.6317338828377981,122,79
14,q,cq,C-,4,0.45292207792207795,122,66
14,cq,cq,all,oof,0.809337267670601,1224,756
14,cq,cq,all,0,0.7703504043126685,246,140
14,cq,cq,all,1,0.82110307982401,246,172
14,cq,cq,all,2,0.8274891774891776,244,154
14,cq,cq,all,3,0.8583308801884015,244,158
14,cq,cq,all,4,0.7858495670995671,244,132
14,cq,cq,C+,oof,0.8099081987970876,612,378
14,cq,cq,C+,0,0.7754716981132075,123,70
14,cq,cq,C+,1,0.8287240729101194,123,86
14,cq,cq,C+,2,0.8207792207792208,122,77
14,cq,cq,C+,3,0.8601707388872535,122,79
14,cq,cq,C+,4,0.7805735930735931,122,66
14,cq,cq,C-,oof,0.809840365395921,612,378
14,cq,cq,C-,0,0.77088948787062,123,70
14,cq,cq,C-,1,0.8152105593966059,123,86
14,cq,cq,C-,2,0.8337662337662338,122,77
14,cq,cq,C-,3,0.8563438327936415,122,79
14,cq,cq,C-,4,0.7938311688311689,122,66
14,cq,q,all,oof,0.7031158142269253,1224,756
14,cq,q,all,0,0.7123989218328841,246,140
14,cq,q,all,1,0.7385292269013198,246,172
14,cq,q,all,2,0.707936507936508,244,154
14,cq,q,all,3,0.7739181630850751,244,158
14,cq,q,all,4,0.719426406926407,244,132
14,cq,q,C+,oof,0.7031158142269254,612,378
14,cq,q,C+,0,0.7123989218328842,123,70
14,cq,q,C+,1,0.7385292269013198,123,86
14,cq,q,C+,2,0.7079365079365079,122,77
14,cq,q,C+,3,0.773918163085075,122,79
14,cq,q,C+,4,0.7194264069264068,122,66
14,cq,q,C-,oof,0.7031158142269254,612,378
14,cq,q,C-,0,0.7123989218328842,123,70
14,cq,q,C-,1,0.7385292269013198,123,86
14,cq,q,C-,2,0.7079365079365079,122,77
14,cq,q,C-,3,0.773918163085075,122,79
14,cq,q,C-,4,0.7194264069264068,122,66
15,q,q,all,oof,0.8555261610817166,1224,756
15,q,q,all,0,0.8487870619946092,246,140
15,q,q,all,1,0.863607793840352,246,172
15,q,q,all,2,0.8672438672438672,244,154
15,q,q,all,3,0.884604062408007,244,158
15,q,q,all,4,0.8262987012987013,244,132
15,q,q,C+,oof,0.8555261610817166,612,378
15,q,q,C+,0,0.8487870619946092,123,70
15,q,q,C+,1,0.863607793840352,123,86
15,q,q,C+,2,0.8672438672438672,122,77
15,q,q,C+,3,0.884604062408007,122,79
15,q,q,C+,4,0.8262987012987013,122,66
15,q,q,C-,oof,0.8555261610817166,612,378
15,q,q,C-,0,0.8487870619946092,123,70
15,q,q,C-,1,0.863607793840352,123,86
15,q,q,C-,2,0.8672438672438672,122,77
15,q,q,C-,3,0.884604062408007,122,79
15,q,q,C-,4,0.8262987012987013,122,66
15,q,cq,all,oof,0.5063904716682495,1224,756
15,q,cq,all,0,0.6087601078167115,246,140
15,q,cq,all,1,0.48585795097423,246,172
15,q,cq,all,2,0.5448773448773448,244,154
15,q,cq,all,3,0.5681483662054755,244,158
15,q,cq,all,4,0.38981331168831174,244,132
15,q,cq,C+,oof,0.5156355989689324,612,378
15,q,cq,C+,0,0.6331536388140162,123,70
15,q,cq,C+,1,0.5094280326838467,123,86
15,q,cq,C+,2,0.5304473304473305,122,77
15,q,cq,C+,3,0.57256402708272,122,79
15,q,cq,C+,4,0.4015151515151515,122,66
15,q,cq,C-,oof,0.49889205444761,612,378
15,q,cq,C-,0,0.5927223719676549,123,70
15,q,cq,C-,1,0.4604022627278441,123,86
15,q,cq,C-,2,0.5627705627705627,122,77
15,q,cq,C-,3,0.5625551957609656,122,79
15,q,cq,C-,4,0.3806818181818182,122,66
15,cq,cq,all,oof,0.8106345814679148,1224,756
15,cq,cq,all,0,0.7716307277628032,246,140
15,cq,cq,all,1,0.8181961030798239,246,172
15,cq,cq,all,2,0.8388167388167388,244,154
15,cq,cq,all,3,0.8608330880188402,244,158
15,cq,cq,all,4,0.7929518398268399,244,132
15,cq,cq,C+,oof,0.8122936734047845,612,378
15,cq,cq,C+,0,0.7754716981132076,123,70
15,cq,cq,C+,1,0.8208673790069139,123,86
15,cq,cq,C+,2,0.8424242424242425,122,77
15,cq,cq,C+,3,0.8607594936708861,122,79
15,cq,cq,C+,4,0.7903138528138529,122,66
15,cq,cq,C-,oof,0.8092750870528647,612,378
15,cq,cq,C-,0,0.7679245283018867,123,70
15,cq,cq,C-,1,0.8170961659333752,123,86
15,cq,cq,C-,2,0.8372294372294372,122,77
15,cq,cq,C-,3,0.8625257580217839,122,79
15,cq,cq,C-,4,0.7954545454545454,122,66
15,cq,q,all,oof,0.6938226382670828,1224,756
15,cq,q,all,0,0.64366576819407,246,140
15,cq,q,all,1,0.782840980515399,246,172
15,cq,q,all,2,0.6894660894660894,244,154
15,cq,q,all,3,0.7447748012952604,244,158
15,cq,q,all,4,0.6812770562770561,244,132
15,cq,q,C+,oof,0.6938226382670827,612,378
15,cq,q,C+,0,0.6436657681940701,123,70
15,cq,q,C+,1,0.7828409805153991,123,86
15,cq,q,C+,2,0.6894660894660894,122,77
15,cq,q,C+,3,0.7447748012952605,122,79
15,cq,q,C+,4,0.6812770562770563,122,66
15,cq,q,C-,oof,0.6938226382670827,612,378
15,cq,q,C-,0,0.6436657681940701,123,70
15,cq,q,C-,1,0.7828409805153991,123,86
15,cq,q,C-,2,0.6894660894660894,122,77
15,cq,q,C-,3,0.7447748012952605,122,79
15,cq,q,C-,4,0.6812770562770563,122,66
16,q,q,all,oof,0.8539094650205761,1224,756
16,q,q,all,0,0.8509433962264151,246,140
16,q,q,all,1,0.8824638592080453,246,172
16,q,q,all,2,0.8643578643578642,244,154
16,q,q,all,3,0.8572269649690903,244,158
16,q,q,all,4,0.8176406926406926,244,132
16,q,q,C+,oof,0.8539094650205761,612,378
16,q,q,C+,0,0.8509433962264151,123,70
16,q,q,C+,1,0.8824638592080453,123,86
16,q,q,C+,2,0.8643578643578644,122,77
16,q,q,C+,3,0.8572269649690902,122,79
16,q,q,C+,4,0.8176406926406926,122,66
16,q,q,C-,oof,0.8539094650205761,612,378
16,q,q,C-,0,0.8509433962264151,123,70
16,q,q,C-,1,0.8824638592080453,123,86
16,q,q,C-,2,0.8643578643578644,122,77
16,q,q,C-,3,0.8572269649690902,122,79
16,q,q,C-,4,0.8176406926406926,122,66
16,q,cq,all,oof,0.5786132591688147,1224,756
16,q,cq,all,0,0.6651617250673855,246,140
16,q,cq,all,1,0.5362193588937775,246,172
16,q,cq,all,2,0.598989898989899,244,154
16,q,cq,all,3,0.5978804827789226,244,158
16,q,cq,all,4,0.5146103896103896,244,132
16,q,cq,C+,oof,0.5857753357753357,612,378
16,q,cq,C+,0,0.6886792452830189,123,70
16,q,cq,C+,1,0.5587680703959773,123,86
16,q,cq,C+,2,0.6005772005772005,122,77
16,q,cq,C+,3,0.588754783632617,122,79
16,q,cq,C+,4,0.5216450216450216,122,66
16,q,cq,C-,oof,0.5756907701352145,612,378
16,q,cq,C-,0,0.6466307277628032,123,70
16,q,cq,C-,1,0.5207416719044626,123,86
16,q,cq,C-,2,0.5994227994227994,122,77
16,q,cq,C-,3,0.6078893141006771,122,79
16,q,cq,C-,4,0.5156926406926406,122,66
16,cq,cq,all,oof,0.8046256726812282,1224,756
16,cq,cq,all,0,0.7565363881401617,246,140
16,cq,cq,all,1,0.8239314896291641,246,172
16,cq,cq,all,2,0.8297258297258298,244,154
16,cq,cq,all,3,0.8504562849573152,244,158
16,cq,cq,all,4,0.782805735930736,244,132
16,cq,cq,C+,oof,0.8071609460498349,612,378
16,cq,cq,C+,0,0.7644204851752021,123,70
16,cq,cq,C+,1,0.8152105593966059,123,86
16,cq,cq,C+,2,0.8340548340548339,122,77
16,cq,cq,C+,3,0.8519281719163968,122,79
16,cq,cq,C+,4,0.7908549783549783,122,66
16,cq,cq,C-,oof,0.8023447745669968,612,378
16,cq,cq,C-,0,0.7514824797843664,123,70
16,cq,cq,C-,1,0.8296668761785041,123,86
16,cq,cq,C-,2,0.8282828282828283,122,77
16,cq,cq,C-,3,0.8481012658227848,122,79
16,cq,cq,C-,4,0.773538961038961,122,66
16,cq,q,all,oof,0.6955863066974178,1224,756
16,cq,q,all,0,0.7072776280323451,246,140
16,cq,q,all,1,0.7705845380263985,246,172
16,cq,q,all,2,0.643001443001443,244,154
16,cq,q,all,3,0.7394760082425669,244,158
16,cq,q,all,4,0.6279761904761905,244,132
16,cq,q,C+,oof,0.6955863066974177,612,378
16,cq,q,C+,0,0.7072776280323451,123,70
16,cq,q,C+,1,0.7705845380263985,123,86
16,cq,q,C+,2,0.643001443001443,122,77
16,cq,q,C+,3,0.7394760082425669,122,79
16,cq,q,C+,4,0.6279761904761906,122,66
16,cq,q,C-,oof,0.6955863066974177,612,378
16,cq,q,C-,0,0.7072776280323451,123,70
16,cq,q,C-,1,0.7705845380263985,123,86
16,cq,q,C-,2,0.643001443001443,122,77
16,cq,q,C-,3,0.7394760082425669,122,79
16,cq,q,C-,4,0.6279761904761906,122,66
17,q,q,all,oof,0.8513996291774071,1224,756
17,q,q,all,0,0.8266846361185983,246,140
17,q,q,all,1,0.8856065367693274,246,172
17,q,q,all,2,0.8701298701298701,244,154
17,q,q,all,3,0.8589932293199882,244,158
17,q,q,all,4,0.8341450216450217,244,132
17,q,q,C+,oof,0.8513996291774071,612,378
17,q,q,C+,0,0.8266846361185983,123,70
17,q,q,C+,1,0.8856065367693274,123,86
17,q,q,C+,2,0.8701298701298701,122,77
17,q,q,C+,3,0.8589932293199882,122,79
17,q,q,C+,4,0.8341450216450217,122,66
17,q,q,C-,oof,0.8513996291774071,612,378
17,q,q,C-,0,0.8266846361185983,123,70
17,q,q,C-,1,0.8856065367693274,123,86
17,q,q,C-,2,0.8701298701298701,122,77
17,q,q,C-,3,0.8589932293199882,122,79
17,q,q,C-,4,0.8341450216450217,122,66
17,q,cq,all,oof,0.6335554877221543,1224,756
17,q,cq,all,0,0.7088274932614554,246,140
17,q,cq,all,1,0.6400848522941546,246,172
17,q,cq,all,2,0.643073593073593,244,154
17,q,cq,all,3,0.6496173093906388,244,158
17,q,cq,all,4,0.5856331168831169,244,132
17,q,cq,C+,oof,0.6299574910686021,612,378
17,q,cq,C+,0,0.7105121293800539,123,70
17,q,cq,C+,1,0.6568196103079824,123,86
17,q,cq,C+,2,0.6294372294372295,122,77
17,q,cq,C+,3,0.6273182219605534,122,79
17,q,cq,C+,4,0.5911796536796536,122,66
17,q,cq,C-,oof,0.6420883643105865,612,378
17,q,cq,C-,0,0.7102425876010782,123,70
17,q,cq,C-,1,0.6354494028912633,123,86
17,q,cq,C-,2,0.658008658008658,122,77
17,q,cq,C-,3,0.6761848690020608,122,79
17,q,cq,C-,4,0.5876623376623377,122,66
17,cq,cq,all,oof,0.8103010672455118,1224,756
17,cq,cq,all,0,0.7719676549865229,246,140
17,cq,cq,all,1,0.815681961030798,246,172
17,cq,cq,all,2,0.8556998556998557,244,154
17,cq,cq,all,3,0.8525905210479835,244,158
17,cq,cq,all,4,0.7858495670995671,244,132
17,cq,cq,C+,oof,0.8171550671550671,612,378
17,cq,cq,C+,0,0.7749326145552561,123,70
17,cq,cq,C+,1,0.8290383406662476,123,86
17,cq,cq,C+,2,0.8600288600288599,122,77
17,cq,cq,C+,3,0.8531056814836621,122,79
17,cq,cq,C+,4,0.799512987012987,122,66
17,cq,cq,C-,oof,0.8037692759914982,612,378
17,cq,cq,C-,0,0.7714285714285715,123,70
17,cq,cq,C-,1,0.8048397234443745,123,86
17,cq,cq,C-,2,0.8490620490620491,122,77
17,cq,cq,C-,3,0.850161907565499,122,79
17,cq,cq,C-,4,0.774621212121212,122,66
17,cq,q,all,oof,0.708712069823181,1224,756
17,cq,q,all,0,0.678167115902965,246,140
17,cq,q,all,1,0.8158390949088624,246,172
17,cq,q,all,2,0.718037518037518,244,154
17,cq,q,all,3,0.7221077421254049,244,158
17,cq,q,all,4,0.6737012987012988,244,132
17,cq,q,C+,oof,0.708712069823181,612,378
17,cq,q,C+,0,0.678167115902965,123,70
17,cq,q,C+,1,0.8158390949088623,123,86
17,cq,q,C+,2,0.718037518037518,122,77
17,cq,q,C+,3,0.7221077421254049,122,79
17,cq,q,C+,4,0.6737012987012988,122,66
17,cq,q,C-,oof,0.708712069823181,612,378
17,cq,q,C-,0,0.678167115902965,123,70
17,cq,q,C-,1,0.8158390949088623,123,86
17,cq,q,C-,2,0.718037518037518,122,77
17,cq,q,C-,3,0.7221077421254049,122,79
17,cq,q,C-,4,0.6737012987012988,122,66
18,q,q,all,oof,0.8547573825351603,1224,756
18,q,q,all,0,0.8250673854447439,246,140
18,q,q,all,1,0.8868636077938404,246,172
18,q,q,all,2,0.8640692640692641,244,154
18,q,q,all,3,0.865469531939947,244,158
18,q,q,all,4,0.8590367965367967,244,132
18,q,q,C+,oof,0.8547573825351603,612,378
18,q,q,C+,0,0.8250673854447439,123,70
18,q,q,C+,1,0.8868636077938404,123,86
18,q,q,C+,2,0.8640692640692641,122,77
18,q,q,C+,3,0.865469531939947,122,79
18,q,q,C+,4,0.8590367965367967,122,66
18,q,q,C-,oof,0.8547573825351603,612,378
18,q,q,C-,0,0.8250673854447439,123,70
18,q,q,C-,1,0.8868636077938404,123,86
18,q,q,C-,2,0.8640692640692641,122,77
18,q,q,C-,3,0.865469531939947,122,79
18,q,q,C-,4,0.8590367965367967,122,66
18,q,cq,all,oof,0.631568534346312,1224,756
18,q,cq,all,0,0.6955525606469002,246,140
18,q,cq,all,1,0.6397705845380264,246,172
18,q,cq,all,2,0.6414862914862914,244,154
18,q,cq,all,3,0.655431262879011,244,158
18,q,cq,all,4,0.5834009740259739,244,132
18,q,cq,C+,oof,0.6210487043820377,612,378
18,q,cq,C+,0,0.6943396226415095,123,70
18,q,cq,C+,1,0.6439346323067253,123,86
18,q,cq,C+,2,0.6173160173160173,122,77
18,q,cq,C+,3,0.6329113924050634,122,79
18,q,cq,C+,4,0.583874458874459,122,66
18,q,cq,C-,oof,0.6456157011712567,612,378
18,q,cq,C-,0,0.7021563342318058,123,70
18,q,cq,C-,1,0.6442489000628535,123,86
18,q,cq,C-,2,0.6692640692640692,122,77
18,q,cq,C-,3,0.6820724168383868,122,79
18,q,cq,C-,4,0.5917207792207793,122,66
18,cq,cq,all,oof,0.8012594401483291,1224,756
18,cq,cq,all,0,0.7352425876010782,246,140
18,cq,cq,all,1,0.8332809553739785,246,172
18,cq,cq,all,2,0.8581529581529581,244,154
18,cq,cq,all,3,0.8356638210185459,244,158
18,cq,cq,all,4,0.7761093073593074,244,132
18,cq,cq,C+,oof,0.8050807217473883,612,378
18,cq,cq,C+,0,0.7409703504043127,123,70
18,cq,cq,C+,1,0.8346951602765555,123,86
18,cq,cq,C+,2,0.8643578643578643,122,77
18,cq,cq,C+,3,0.8401530762437444,122,79
18,cq,cq,C+,4,0.7762445887445888,122,66
18,cq,cq,C-,oof,0.7982408537964093,612,378
18,cq,cq,C-,0,0.732345013477089,123,70
18,cq,cq,C-,1,0.8318667504714017,123,86
18,cq,cq,C-,2,0.8487734487734488,122,77
18,cq,cq,C-,3,0.8310273770974389,122,79
18,cq,cq,C-,4,0.7767857142857143,122,66
18,cq,q,all,oof,0.6881811604033826,1224,756
18,cq,q,all,0,0.6649595687331535,246,140
18,cq,q,all,1,0.8054682589566309,246,172
18,cq,q,all,2,0.6704184704184705,244,154
18,cq,q,all,3,0.6985575507801001,244,158
18,cq,q,all,4,0.6566558441558442,244,132
18,cq,q,C+,oof,0.6881811604033826,612,378
18,cq,q,C+,0,0.6649595687331535,123,70
18,cq,q,C+,1,0.8054682589566309,123,86
18,cq,q,C+,2,0.6704184704184705,122,77
18,cq,q,C+,3,0.6985575507801001,122,79
18,cq,q,C+,4,0.6566558441558441,122,66
18,cq,q,C-,oof,0.6881811604033826,612,378
18,cq,q,C-,0,0.6649595687331535,123,70
18,cq,q,C-,1,0.8054682589566309,123,86
18,cq,q,C-,2,0.6704184704184705,122,77
18,cq,q,C-,3,0.6985575507801001,122,79
18,cq,q,C-,4,0.6566558441558441,122,66
19,q,q,all,oof,0.8636548636548635,1224,756
19,q,q,all,0,0.832345013477089,246,140
19,q,q,all,1,0.8702074167190446,246,172
19,q,q,all,2,0.8906204906204906,244,154
19,q,q,all,3,0.8840153076243744,244,158
19,q,q,all,4,0.862012987012987,244,132
19,q,q,C+,oof,0.8636548636548637,612,378
19,q,q,C+,0,0.8323450134770889,123,70
19,q,q,C+,1,0.8702074167190446,123,86
19,q,q,C+,2,0.8906204906204906,122,77
19,q,q,C+,3,0.8840153076243744,122,79
19,q,q,C+,4,0.862012987012987,122,66
19,q,q,C-,oof,0.8636548636548637,612,378
19,q,q,C-,0,0.8323450134770889,123,70
19,q,q,C-,1,0.8702074167190446,123,86
19,q,q,C-,2,0.8906204906204906,122,77
19,q,q,C-,3,0.8840153076243744,122,79
19,q,q,C-,4,0.862012987012987,122,66
19,q,cq,all,oof,0.6412800162800163,1224,756
19,q,cq,all,0,0.6601078167115904,246,140
19,q,cq,all,1,0.6246071653048397,246,172
19,q,cq,all,2,0.661904761904762,244,154
19,q,cq,all,3,0.6876655872828967,244,158
19,q,cq,all,4,0.5982819264069265,244,132
19,q,cq,C+,oof,0.6341292452403564,612,378
19,q,cq,C+,0,0.667654986522911,123,70
19,q,cq,C+,1,0.6247642991829039,123,86
19,q,cq,C+,2,0.6375180375180376,122,77
19,q,cq,C+,3,0.6667647924639387,122,79
19,q,cq,C+,4,0.5992965367965368,122,66
19,q,cq,C-,oof,0.6538235427124316,612,378
19,q,cq,C-,0,0.6576819407008085,123,70
19,q,cq,C-,1,0.6370207416719045,123,86
19,q,cq,C-,2,0.6868686868686869,122,77
19,q,cq,C-,3,0.7218133647335885,122,79
19,q,cq,C-,4,0.6003787878787878,122,66
19,cq,cq,all,oof,0.8056346945235834,1224,756
19,cq,cq,all,0,0.7426549865229111,246,140
19,cq,cq,all,1,0.8269956002514143,246,172
19,cq,cq,all,2,0.8430014430014431,244,154
19,cq,cq,all,3,0.8657639093317633,244,158
19,cq,cq,all,4,0.7833468614718614,244,132
19,cq,cq,C+,oof,0.8055781666892777,612,378
19,cq,cq,C+,0,0.749056603773585,123,70
19,cq,cq,C+,1,0.8277812696417347,123,86
19,cq,cq,C+,2,0.8496392496392495,122,77
19,cq,cq,C+,3,0.8654695319399469,122,79
19,cq,cq,C+,4,0.7729978354978355,122,66
19,cq,cq,C-,oof,0.8060869171980282,612,378
19,cq,cq,C-,0,0.7377358490566037,123,70
19,cq,cq,C-,1,0.823695788812068,123,86
19,cq,cq,C-,2,0.8357864357864359,122,77
19,cq,cq,C-,3,0.8690020606417427,122,79
19,cq,cq,C-,4,0.7949134199134199,122,66
19,cq,q,all,oof,0.7196106362773029,1224,756
19,cq,q,all,0,0.7339622641509433,246,140
19,cq,q,all,1,0.7781269641734758,246,172
19,cq,q,all,2,0.6972582972582972,244,154
19,cq,q,all,3,0.7497792169561378,244,158
19,cq,q,all,4,0.6864177489177489,244,132
19,cq,q,C+,oof,0.7196106362773029,612,378
19,cq,q,C+,0,0.7339622641509433,123,70
19,cq,q,C+,1,0.7781269641734759,123,86
19,cq,q,C+,2,0.6972582972582971,122,77
19,cq,q,C+,3,0.7497792169561377,122,79
19,cq,q,C+,4,0.6864177489177489,122,66
19,cq,q,C-,oof,0.7196106362773029,612,378
19,cq,q,C-,0,0.7339622641509433,123,70
19,cq,q,C-,1,0.7781269641734759,123,86
19,cq,q,C-,2,0.6972582972582971,122,77
19,cq,q,C-,3,0.7497792169561377,122,79
19,cq,q,C-,4,0.6864177489177489,122,66
20,q,q,all,oof,0.8621060009948899,1224,756
20,q,q,all,0,0.8361185983827494,246,140
20,q,q,all,1,0.8645505971087366,246,172
20,q,q,all,2,0.8911976911976912,244,154
20,q,q,all,3,0.9037385928760671,244,158
20,q,q,all,4,0.8557900432900434,244,132
20,q,q,C+,oof,0.8621060009948899,612,378
20,q,q,C+,0,0.8361185983827494,123,70
20,q,q,C+,1,0.8645505971087366,123,86
20,q,q,C+,2,0.8911976911976912,122,77
20,q,q,C+,3,0.9037385928760671,122,79
20,q,q,C+,4,0.8557900432900433,122,66
20,q,q,C-,oof,0.8621060009948899,612,378
20,q,q,C-,0,0.8361185983827494,123,70
20,q,q,C-,1,0.8645505971087366,123,86
20,q,q,C-,2,0.8911976911976912,122,77
20,q,q,C-,3,0.9037385928760671,122,79
20,q,q,C-,4,0.8557900432900433,122,66
20,q,cq,all,oof,0.6515341654230543,1224,756
20,q,cq,all,0,0.6880727762803234,246,140
20,q,cq,all,1,0.6001728472658705,246,172
20,q,cq,all,2,0.679148629148629,244,154
20,q,cq,all,3,0.7046658816602884,244,158
20,q,cq,all,4,0.606939935064935,244,132
20,q,cq,C+,oof,0.6393411115633338,612,378
20,q,cq,C+,0,0.6846361185983828,123,70
20,q,cq,C+,1,0.6030798240100566,123,86
20,q,cq,C+,2,0.6447330447330446,122,77
20,q,cq,C+,3,0.6858993229319987,122,79
20,q,cq,C+,4,0.6125541125541125,122,66
20,q,cq,C-,oof,0.6686903631348076,612,378
20,q,cq,C-,0,0.694609164420485,123,70
20,q,cq,C-,1,0.6030798240100566,123,86
20,q,cq,C-,2,0.7206349206349206,122,77
20,q,cq,C-,3,0.7235796290844864,122,79
20,q,cq,C-,4,0.6117424242424243,122,66
20,cq,cq,all,oof,0.8021667118889341,1224,756
20,cq,cq,all,0,0.7467654986522911,246,140
20,cq,cq,all,1,0.7976115650534256,246,172
20,cq,cq,all,2,0.8473304473304475,244,154
20,cq,cq,all,3,0.8544303797468354,244,158
20,cq,cq,all,4,0.7907873376623377,244,132
20,cq,cq,C+,oof,0.8029326640437751,612,378
20,cq,cq,C+,0,0.7487870619946091,123,70
20,cq,cq,C+,1,0.796668761785041,123,86
20,cq,cq,C+,2,0.8510822510822511,122,77
20,cq,cq,C+,3,0.8545775684427435,122,79
20,cq,cq,C+,4,0.7884199134199136,122,66
20,cq,cq,C-,oof,0.8008750508750508,612,378
20,cq,cq,C-,0,0.7439353099730457,123,70
20,cq,cq,C-,1,0.7938403519798868,123,86
20,cq,cq,C-,2,0.8441558441558441,122,77
20,cq,cq,C-,3,0.853988813659111,122,79
20,cq,cq,C-,4,0.7949134199134199,122,66
20,cq,q,all,oof,0.7470605526161082,1224,756
20,cq,q,all,0,0.708355795148248,246,140
20,cq,q,all,1,0.7702702702702703,246,172
20,cq,q,all,2,0.7691197691197691,244,154
20,cq,q,all,3,0.7856932587577273,244,158
20,cq,q,all,4,0.7094155844155844,244,132
20,cq,q,C+,oof,0.7470605526161083,612,378
20,cq,q,C+,0,0.708355795148248,123,70
20,cq,q,C+,1,0.7702702702702703,123,86
20,cq,q,C+,2,0.7691197691197691,122,77
20,cq,q,C+,3,0.7856932587577276,122,79
20,cq,q,C+,4,0.7094155844155844,122,66
20,cq,q,C-,oof,0.7470605526161083,612,378
20,cq,q,C-,0,0.708355795148248,123,70
20,cq,q,C-,1,0.7702702702702703,123,86
20,cq,q,C-,2,0.7691197691197691,122,77
20,cq,q,C-,3,0.7856932587577276,122,79
20,cq,q,C-,4,0.7094155844155844,122,66
21,q,q,all,oof,0.855300049744494,1224,756
21,q,q,all,0,0.8126684636118598,246,140
21,q,q,all,1,0.866436203645506,246,172
21,q,q,all,2,0.8756132756132756,244,154
21,q,q,all,3,0.8975566676479246,244,158
21,q,q,all,4,0.863095238095238,244,132
21,q,q,C+,oof,0.8553000497444941,612,378
21,q,q,C+,0,0.81266846361186,123,70
21,q,q,C+,1,0.866436203645506,123,86
21,q,q,C+,2,0.8756132756132756,122,77
21,q,q,C+,3,0.8975566676479245,122,79
21,q,q,C+,4,0.8630952380952381,122,66
21,q,q,C-,oof,0.8553000497444941,612,378
21,q,q,C-,0,0.81266846361186,123,70
21,q,q,C-,1,0.866436203645506,123,86
21,q,q,C-,2,0.8756132756132756,122,77
21,q,q,C-,3,0.8975566676479245,122,79
21,q,q,C-,4,0.8630952380952381,122,66
21,q,cq,all,oof,0.6596346040790486,1224,756
21,q,cq,all,0,0.6830188679245284,246,140
21,q,cq,all,1,0.629242614707731,246,172
21,q,cq,all,2,0.6506493506493506,244,154
21,q,cq,all,3,0.7168089490727112,244,158
21,q,cq,all,4,0.6228354978354979,244,132
21,q,cq,C+,oof,0.6559602948491838,612,378
21,q,cq,C+,0,0.6784366576819406,123,70
21,q,cq,C+,1,0.639220615964802,123,86
21,q,cq,C+,2,0.6167388167388167,122,77
21,q,cq,C+,3,0.7073888725345894,122,79
21,q,cq,C+,4,0.6309523809523809,122,66
21,q,cq,C-,oof,0.6705218649663094,612,378
21,q,cq,C-,0,0.6867924528301886,123,70
21,q,cq,C-,1,0.6304211187932118,123,86
21,q,cq,C-,2,0.6868686868686869,122,77
21,q,cq,C-,3,0.7353547247571387,122,79
21,q,cq,C-,4,0.622564935064935,122,66
21,cq,cq,all,oof,0.7987665626554514,1224,756
21,cq,cq,all,0,0.7475741239892183,246,140
21,cq,cq,all,1,0.7883406662476429,246,172
21,cq,cq,all,2,0.8318903318903319,244,154
21,cq,cq,all,3,0.867382984986753,244,158
21,cq,cq,all,4,0.7862554112554112,244,132
21,cq,cq,C+,oof,0.8000949667616333,612,378
21,cq,cq,C+,0,0.7555256064690027,123,70
21,cq,cq,C+,1,0.7960402262727845,123,86
21,cq,cq,C+,2,0.8285714285714285,122,77
21,cq,cq,C+,3,0.8698851928171917,122,79
21,cq,cq,C+,4,0.777056277056277,122,66
21,cq,cq,C-,oof,0.797460769682992,612,378
21,cq,cq,C-,0,0.7407008086253369,123,70
21,cq,cq,C-,1,0.780012570710245,123,86
21,cq,cq,C-,2,0.8329004329004329,122,77
21,cq,cq,C-,3,0.8669414188990285,122,79
21,cq,cq,C-,4,0.7932900432900433,122,66
21,cq,q,all,oof,0.7054334554334555,1224,756
21,cq,q,all,0,0.6641509433962264,246,140
21,cq,q,all,1,0.7234443746071654,246,172
21,cq,q,all,2,0.7238095238095238,244,154
21,cq,q,all,3,0.7215189873417721,244,158
21,cq,q,all,4,0.7045454545454546,244,132
21,cq,q,C+,oof,0.7054334554334554,612,378
21,cq,q,C+,0,0.6641509433962265,123,70
21,cq,q,C+,1,0.7234443746071654,123,86
21,cq,q,C+,2,0.7238095238095239,122,77
21,cq,q,C+,3,0.7215189873417722,122,79
21,cq,q,C+,4,0.7045454545454545,122,66
21,cq,q,C-,oof,0.7054334554334554,612,378
21,cq,q,C-,0,0.6641509433962265,123,70
21,cq,q,C-,1,0.7234443746071654,123,86
21,cq,q,C-,2,0.7238095238095239,122,77
21,cq,q,C-,3,0.7215189873417722,122,79
21,cq,q,C-,4,0.7045454545454545,122,66
22,q,q,all,oof,0.8540790485234929,1224,756
22,q,q,all,0,0.8105121293800539,246,140
22,q,q,all,1,0.8733500942803268,246,172
22,q,q,all,2,0.8874458874458874,244,154
22,q,q,all,3,0.8937297615543126,244,158
22,q,q,all,4,0.8322510822510822,244,132
22,q,q,C+,oof,0.8540790485234928,612,378
22,q,q,C+,0,0.8105121293800539,123,70
22,q,q,C+,1,0.8733500942803268,123,86
22,q,q,C+,2,0.8874458874458874,122,77
22,q,q,C+,3,0.8937297615543126,122,79
22,q,q,C+,4,0.8322510822510821,122,66
22,q,q,C-,oof,0.8540790485234928,612,378
22,q,q,C-,0,0.8105121293800539,123,70
22,q,q,C-,1,0.8733500942803268,123,86
22,q,q,C-,2,0.8874458874458874,122,77
22,q,q,C-,3,0.8937297615543126,122,79
22,q,q,C-,4,0.8322510822510821,122,66
22,q,cq,all,oof,0.6604825215936327,1224,756
22,q,cq,all,0,0.6763477088948786,246,140
22,q,cq,all,1,0.6444060339409177,246,172
22,q,cq,all,2,0.6839105339105339,244,154
22,q,cq,all,3,0.6893582572858405,244,158
22,q,cq,all,4,0.6183035714285714,244,132
22,q,cq,C+,oof,0.6549654049654049,612,378
22,q,cq,C+,0,0.6819407008086253,123,70
22,q,cq,C+,1,0.6480201131363922,123,86
22,q,cq,C+,2,0.655988455988456,122,77
22,q,cq,C+,3,0.6753017368266117,122,79
22,q,cq,C+,4,0.6201298701298701,122,66
22,q,cq,C-,oof,0.6714263103151992,612,378
22,q,cq,C-,0,0.6768194070080862,123,70
22,q,cq,C-,1,0.6511627906976745,123,86
22,q,cq,C-,2,0.7174603174603175,122,77
22,q,cq,C-,3,0.7171033264645275,122,79
22,q,cq,C-,4,0.6166125541125541,122,66
22,cq,cq,all,oof,0.7890466015466016,1224,756
22,cq,cq,all,0,0.7330188679245283,246,140
22,cq,cq,all,1,0.786926461345066,246,172
22,cq,cq,all,2,0.8208513708513709,244,154
22,cq,cq,all,3,0.8430968501619076,244,158
22,cq,cq,all,4,0.7727272727272728,244,132
22,cq,cq,C+,oof,0.792192375525709,612,378
22,cq,cq,C+,0,0.7388140161725067,123,70
22,cq,cq,C+,1,0.7950974230043997,123,86
22,cq,cq,C+,2,0.8167388167388168,122,77
22,cq,cq,C+,3,0.8460406240800706,122,79
22,cq,cq,C+,4,0.7778679653679654,122,66
22,cq,cq,C-,oof,0.7856916745805635,612,378
22,cq,cq,C-,0,0.726145552560647,123,70
22,cq,cq,C-,1,0.7806411062225016,123,86
22,cq,cq,C-,2,0.8236652236652237,122,77
22,cq,cq,C-,3,0.8366205475419487,122,79
22,cq,cq,C-,4,0.7654220779220778,122,66
22,cq,q,all,oof,0.6883846606068829,1224,756
22,cq,q,all,0,0.6431266846361186,246,140
22,cq,q,all,1,0.6913890634820867,246,172
22,cq,q,all,2,0.7399711399711398,244,154
22,cq,q,all,3,0.7141595525463644,244,158
22,cq,q,all,4,0.6528679653679652,244,132
22,cq,q,C+,oof,0.6883846606068829,612,378
22,cq,q,C+,0,0.6431266846361186,123,70
22,cq,q,C+,1,0.6913890634820867,123,86
22,cq,q,C+,2,0.73997113997114,122,77
22,cq,q,C+,3,0.7141595525463644,122,79
22,cq,q,C+,4,0.6528679653679653,122,66
22,cq,q,C-,oof,0.6883846606068829,612,378
22,cq,q,C-,0,0.6431266846361186,123,70
22,cq,q,C-,1,0.6913890634820867,123,86
22,cq,q,C-,2,0.73997113997114,122,77
22,cq,q,C-,3,0.7141595525463644,122,79
22,cq,q,C-,4,0.6528679653679653,122,66
23,q,q,all,oof,0.8558653280875503,1224,756
23,q,q,all,0,0.8118598382749327,246,140
23,q,q,all,1,0.8764927718416091,246,172
23,q,q,all,2,0.8871572871572871,244,154
23,q,q,all,3,0.8807771563143951,244,158
23,q,q,all,4,0.8498376623376623,244,132
23,q,q,C+,oof,0.8558653280875503,612,378
23,q,q,C+,0,0.8118598382749327,123,70
23,q,q,C+,1,0.8764927718416091,123,86
23,q,q,C+,2,0.887157287157287,122,77
23,q,q,C+,3,0.8807771563143951,122,79
23,q,q,C+,4,0.8498376623376623,122,66
23,q,q,C-,oof,0.8558653280875503,612,378
23,q,q,C-,0,0.8118598382749327,123,70
23,q,q,C-,1,0.8764927718416091,123,86
23,q,q,C-,2,0.887157287157287,122,77
23,q,q,C-,3,0.8807771563143951,122,79
23,q,q,C-,4,0.8498376623376623,122,66
23,q,cq,all,oof,0.6653665264776376,1224,756
23,q,cq,all,0,0.6990566037735849,246,140
23,q,cq,all,1,0.6452702702702702,246,172
23,q,cq,all,2,0.677200577200577,244,154
23,q,cq,all,3,0.6888430968501619,244,158
23,q,cq,all,4,0.6496212121212122,244,132
23,q,cq,C+,oof,0.6574978519422963,612,378
23,q,cq,C+,0,0.7035040431266846,123,70
23,q,cq,C+,1,0.6546197360150849,123,86
23,q,cq,C+,2,0.6346320346320347,122,77
23,q,cq,C+,3,0.6638210185457757,122,79
23,q,cq,C+,4,0.6558441558441557,122,66
23,q,cq,C-,oof,0.675745036856148,612,378
23,q,cq,C-,0,0.7002695417789757,123,70
23,q,cq,C-,1,0.6401634192331866,123,86
23,q,cq,C-,2,0.716017316017316,122,77
23,q,cq,C-,3,0.7147483073299971,122,79
23,q,cq,C-,4,0.6417748917748918,122,66
23,cq,cq,all,oof,0.7732668566001899,1224,756
23,cq,cq,all,0,0.711522911051213,246,140
23,cq,cq,all,1,0.755813953488372,246,172
23,cq,cq,all,2,0.825108225108225,244,154
23,cq,cq,all,3,0.8154989696791286,244,158
23,cq,cq,all,4,0.7734036796536796,244,132
23,cq,cq,C+,oof,0.774386107719441,612,378
23,cq,cq,C+,0,0.7080862533692721,123,70
23,cq,cq,C+,1,0.7699560025141419,123,86
23,cq,cq,C+,2,0.8167388167388168,122,77
23,cq,cq,C+,3,0.8257285840447454,122,79
23,cq,cq,C+,4,0.7681277056277056,122,66
23,cq,cq,C-,oof,0.7720345498123276,612,378
23,cq,cq,C-,0,0.7121293800539084,123,70
23,cq,cq,C-,1,0.7410433689503456,123,86
23,cq,cq,C-,2,0.8311688311688311,122,77
23,cq,cq,C-,3,0.8051221666176037,122,79
23,cq,cq,C-,4,0.7767857142857143,122,66
23,cq,q,all,oof,0.6638063582508027,1224,756
23,cq,q,all,0,0.6269541778975741,246,140
23,cq,q,all,1,0.684475172847266,246,172
23,cq,q,all,2,0.773160173160173,244,154
23,cq,q,all,3,0.6408595819841036,244,158
23,cq,q,all,4,0.6198593073593074,244,132
23,cq,q,C+,oof,0.6638063582508027,612,378
23,cq,q,C+,0,0.626954177897574,123,70
23,cq,q,C+,1,0.6844751728472658,123,86
23,cq,q,C+,2,0.773160173160173,122,77
23,cq,q,C+,3,0.6408595819841036,122,79
23,cq,q,C+,4,0.6198593073593074,122,66
23,cq,q,C-,oof,0.6638063582508027,612,378
23,cq,q,C-,0,0.626954177897574,123,70
23,cq,q,C-,1,0.6844751728472658,123,86
23,cq,q,C-,2,0.773160173160173,122,77
23,cq,q,C-,3,0.6408595819841036,122,79
23,cq,q,C-,4,0.6198593073593074,122,66
24,q,q,all,oof,0.8597092208203319,1224,756
24,q,q,all,0,0.8169811320754717,246,140
24,q,q,all,1,0.8824638592080452,246,172
24,q,q,all,2,0.8929292929292929,244,154
24,q,q,all,3,0.8863703267589049,244,158
24,q,q,all,4,0.843073593073593,244,132
24,q,q,C+,oof,0.8597092208203319,612,378
24,q,q,C+,0,0.8169811320754716,123,70
24,q,q,C+,1,0.8824638592080452,123,86
24,q,q,C+,2,0.8929292929292929,122,77
24,q,q,C+,3,0.8863703267589049,122,79
24,q,q,C+,4,0.8430735930735931,122,66
24,q,q,C-,oof,0.8597092208203319,612,378
24,q,q,C-,0,0.8169811320754716,123,70
24,q,q,C-,1,0.8824638592080452,123,86
24,q,q,C-,2,0.8929292929292929,122,77
24,q,q,C-,3,0.8863703267589049,122,79
24,q,q,C-,4,0.8430735930735931,122,66
24,q,cq,all,oof,0.6698520101297879,1224,756
24,q,cq,all,0,0.7042452830188679,246,140
24,q,cq,all,1,0.6443274670018856,246,172
24,q,cq,all,2,0.6930014430014431,244,154
24,q,cq,all,3,0.6906829555490138,244,158
24,q,cq,all,4,0.6413690476190476,244,132
24,q,cq,C+,oof,0.6564577397910731,612,378
24,q,cq,C+,0,0.6954177897574124,123,70
24,q,cq,C+,1,0.6332495285983658,123,86
24,q,cq,C+,2,0.6556998556998558,122,77
24,q,cq,C+,3,0.6620547541948778,122,79
24,q,cq,C+,4,0.6501623376623377,122,66
24,q,cq,C-,oof,0.6861235472346584,612,378
24,q,cq,C-,0,0.7153638814016171,123,70
24,q,cq,C-,1,0.6539912005028283,123,86
24,q,cq,C-,2,0.731890331890332,122,77
24,q,cq,C-,3,0.7274065351780984,122,79
24,q,cq,C-,4,0.6312229437229437,122,66
24,cq,cq,all,oof,0.7847165694387916,1224,756
24,cq,cq,all,0,0.7275606469002694,246,140
24,cq,cq,all,1,0.7791483343808925,246,172
24,cq,cq,all,2,0.8217171717171718,244,154
24,cq,cq,all,3,0.8347070944951428,244,158
24,cq,cq,all,4,0.7730654761904762,244,132
24,cq,cq,C+,oof,0.7845950345950347,612,378
24,cq,cq,C+,0,0.7215633423180593,123,70
24,cq,cq,C+,1,0.7935260842237587,123,86
24,cq,cq,C+,2,0.8181818181818181,122,77
24,cq,cq,C+,3,0.8348542831910509,122,79
24,cq,cq,C+,4,0.7711038961038961,122,66
24,cq,cq,C-,oof,0.7844254510921178,612,378
24,cq,cq,C-,0,0.7334231805929919,123,70
24,cq,cq,C-,1,0.765556253928347,123,86
24,cq,cq,C-,2,0.8256854256854257,122,77
24,cq,cq,C-,3,0.8342655284074183,122,79
24,cq,cq,C-,4,0.7757034632034632,122,66
24,cq,q,all,oof,0.6914032469588025,1224,756
24,cq,q,all,0,0.6428571428571428,246,140
24,cq,q,all,1,0.7539283469516027,246,172
24,cq,q,all,2,0.7861471861471861,244,154
24,cq,q,all,3,0.6552840741831029,244,158
24,cq,q,all,4,0.6469155844155845,244,132
24,cq,q,C+,oof,0.6914032469588025,612,378
24,cq,q,C+,0,0.6428571428571428,123,70
24,cq,q,C+,1,0.7539283469516027,123,86
24,cq,q,C+,2,0.7861471861471861,122,77
24,cq,q,C+,3,0.6552840741831026,122,79
24,cq,q,C+,4,0.6469155844155844,122,66
24,cq,q,C-,oof,0.6914032469588025,612,378
24,cq,q,C-,0,0.6428571428571428,123,70
24,cq,q,C-,1,0.7539283469516027,123,86
24,cq,q,C-,2,0.7861471861471861,122,77
24,cq,q,C-,3,0.6552840741831026,122,79
24,cq,q,C-,4,0.6469155844155844,122,66
25,q,q,all,oof,0.8591665536109981,1224,756
25,q,q,all,0,0.802156334231806,246,140
25,q,q,all,1,0.8840351979886862,246,172
25,q,q,all,2,0.9067821067821068,244,154
25,q,q,all,3,0.8831321754489254,244,158
25,q,q,all,4,0.8474025974025975,244,132
25,q,q,C+,oof,0.859166553610998,612,378
25,q,q,C+,0,0.8021563342318059,123,70
25,q,q,C+,1,0.8840351979886862,123,86
25,q,q,C+,2,0.9067821067821068,122,77
25,q,q,C+,3,0.8831321754489255,122,79
25,q,q,C+,4,0.8474025974025975,122,66
25,q,q,C-,oof,0.859166553610998,612,378
25,q,q,C-,0,0.8021563342318059,123,70
25,q,q,C-,1,0.8840351979886862,123,86
25,q,q,C-,2,0.9067821067821068,122,77
25,q,q,C-,3,0.8831321754489255,122,79
25,q,q,C-,4,0.8474025974025975,122,66
25,q,cq,all,oof,0.6590806313028535,1224,756
25,q,cq,all,0,0.6970350404312667,246,140
25,q,cq,all,1,0.6319138906348208,246,172
25,q,cq,all,2,0.6914141414141414,244,154
25,q,cq,all,3,0.6851633794524582,244,158
25,q,cq,all,4,0.6202651515151516,244,132
25,q,cq,C+,oof,0.6475489531045087,612,378
25,q,cq,C+,0,0.693800539083558,123,70
25,q,cq,C+,1,0.6222501571338781,123,86
25,q,cq,C+,2,0.6597402597402598,122,77
25,q,cq,C+,3,0.6629378863703268,122,79
25,q,cq,C+,4,0.6220238095238095,122,66
25,q,cq,C-,oof,0.673890923890924,612,378
25,q,cq,C-,0,0.7091644204851751,123,70
25,q,cq,C-,1,0.6429918290383406,123,86
25,q,cq,C-,2,0.7252525252525253,122,77
25,q,cq,C-,3,0.7132764203709154,122,79
25,q,cq,C-,4,0.6225649350649352,122,66
25,cq,cq,all,oof,0.7796262379595713,1224,756
25,cq,cq,all,0,0.7283018867924527,246,140
25,cq,cq,all,1,0.7606851037083594,246,172
25,cq,cq,all,2,0.8150072150072151,244,154
25,cq,cq,all,3,0.8312481601413012,244,158
25,cq,cq,all,4,0.7752976190476191,244,132
25,cq,cq,C+,oof,0.779100529100529,612,378
25,cq,cq,C+,0,0.7277628032345013,123,70
25,cq,cq,C+,1,0.7608422375864236,123,86
25,cq,cq,C+,2,0.8213564213564213,122,77
25,cq,cq,C+,3,0.8242566970856638,122,79
25,cq,cq,C+,4,0.7686688311688312,122,66
25,cq,cq,C-,oof,0.7796205851761406,612,378
25,cq,cq,C-,0,0.7296495956873316,123,70
25,cq,cq,C-,1,0.7592708988057825,123,86
25,cq,cq,C-,2,0.806060606060606,122,77
25,cq,cq,C-,3,0.8375036797173978,122,79
25,cq,cq,C-,4,0.7805735930735931,122,66
25,cq,q,all,oof,0.7138221860444083,1224,756
25,cq,q,all,0,0.6722371967654985,246,140
25,cq,q,all,1,0.7602137020741672,246,172
25,cq,q,all,2,0.7959595959595959,244,154
25,cq,q,all,3,0.6758904916102444,244,158
25,cq,q,all,4,0.676677489177489,244,132
25,cq,q,C+,oof,0.7138221860444083,612,378
25,cq,q,C+,0,0.6722371967654986,123,70
25,cq,q,C+,1,0.7602137020741672,123,86
25,cq,q,C+,2,0.795959595959596,122,77
25,cq,q,C+,3,0.6758904916102444,122,79
25,cq,q,C+,4,0.6766774891774892,122,66
25,cq,q,C-,oof,0.7138221860444083,612,378
25,cq,q,C-,0,0.6722371967654986,123,70
25,cq,q,C-,1,0.7602137020741672,123,86
25,cq,q,C-,2,0.795959595959596,122,77
25,cq,q,C-,3,0.6758904916102444,122,79
25,cq,q,C-,4,0.6766774891774892,122,66
26,q,q,all,oof,0.8578098855876634,1224,756
26,q,q,all,0,0.8070080862533693,246,140
26,q,q,all,1,0.8774355751099937,246,172
26,q,q,all,2,0.8949494949494949,244,154
26,q,q,all,3,0.8816602884898439,244,158
26,q,q,all,4,0.8544372294372294,244,132
26,q,q,C+,oof,0.8578098855876632,612,378
26,q,q,C+,0,0.8070080862533693,123,70
26,q,q,C+,1,0.8774355751099937,123,86
26,q,q,C+,2,0.8949494949494948,122,77
26,q,q,C+,3,0.8816602884898439,122,79
26,q,q,C+,4,0.8544372294372294,122,66
26,q,q,C-,oof,0.8578098855876632,612,378
26,q,q,C-,0,0.8070080862533693,123,70
26,q,q,C-,1,0.8774355751099937,123,86
26,q,q,C-,2,0.8949494949494948,122,77
26,q,q,C-,3,0.8816602884898439,122,79
26,q,q,C-,4,0.8544372294372294,122,66
26,q,cq,all,oof,0.6516528738750961,1224,756
26,q,cq,all,0,0.710579514824798,246,140
26,q,cq,all,1,0.6128221244500315,246,172
26,q,cq,all,2,0.6761904761904761,244,154
26,q,cq,all,3,0.6739034442154843,244,158
26,q,cq,all,4,0.6312229437229437,244,132
26,q,cq,C+,oof,0.6377357210690544,612,378
26,q,cq,C+,0,0.7070080862533692,123,70
26,q,cq,C+,1,0.6027655562539284,123,86
26,q,cq,C+,2,0.6343434343434343,122,77
26,q,cq,C+,3,0.6470415072122462,122,79
26,q,cq,C+,4,0.6325757575757577,122,66
26,q,cq,C-,oof,0.670487948265726,612,378
26,q,cq,C-,0,0.7199460916442049,123,70
26,q,cq,C-,1,0.6253928346951604,123,86
26,q,cq,C-,2,0.7217893217893218,122,77
26,q,cq,C-,3,0.7097438916691198,122,79
26,q,cq,C-,4,0.6325757575757577,122,66
26,cq,cq,all,oof,0.789897345452901,1224,756
26,cq,cq,all,0,0.7301212938005391,246,140
26,cq,cq,all,1,0.7750628535512256,246,172
26,cq,cq,all,2,0.8306637806637807,244,154
26,cq,cq,all,3,0.8409626140712393,244,158
26,cq,cq,all,4,0.787405303030303,244,132
26,cq,cq,C+,oof,0.7872292316736762,612,378
26,cq,cq,C+,0,0.7334231805929918,123,70
26,cq,cq,C+,1,0.7787554996857322,123,86
26,cq,cq,C+,2,0.8227994227994228,122,77
26,cq,cq,C+,3,0.828377980571092,122,79
26,cq,cq,C+,4,0.7878787878787878,122,66
26,cq,cq,C-,oof,0.7912540134762356,612,378
26,cq,cq,C-,0,0.7274932614555255,123,70
26,cq,cq,C-,1,0.7721558768070396,123,86
26,cq,cq,C-,2,0.8404040404040404,122,77
26,cq,cq,C-,3,0.8504562849573153,122,79
26,cq,cq,C-,4,0.7873376623376623,122,66
26,cq,q,all,oof,0.7057274001718447,1224,756
26,cq,q,all,0,0.6339622641509434,246,140
26,cq,q,all,1,0.7256442489000628,246,172
26,cq,q,all,2,0.7965367965367965,244,154
26,cq,q,all,3,0.6443921106858994,244,158
26,cq,q,all,4,0.7159090909090908,244,132
26,cq,q,C+,oof,0.7057274001718445,612,378
26,cq,q,C+,0,0.6339622641509433,123,70
26,cq,q,C+,1,0.7256442489000628,123,86
26,cq,q,C+,2,0.7965367965367965,122,77
26,cq,q,C+,3,0.6443921106858993,122,79
26,cq,q,C+,4,0.7159090909090907,122,66
26,cq,q,C-,oof,0.7057274001718445,612,378
26,cq,q,C-,0,0.6339622641509433,123,70
26,cq,q,C-,1,0.7256442489000628,123,86
26,cq,q,C-,2,0.7965367965367965,122,77
26,cq,q,C-,3,0.6443921106858993,122,79
26,cq,q,C-,4,0.7159090909090907,122,66
27,q,q,all,oof,0.8638922805589472,1224,756
27,q,q,all,0,0.8161725067385446,246,140
27,q,q,all,1,0.893463230672533,246,172
27,q,q,all,2,0.8923520923520923,244,154
27,q,q,all,3,0.8919634972034147,244,158
27,q,q,all,4,0.85254329004329,244,132
27,q,q,C+,oof,0.8638922805589472,612,378
27,q,q,C+,0,0.8161725067385445,123,70
27,q,q,C+,1,0.893463230672533,123,86
27,q,q,C+,2,0.8923520923520923,122,77
27,q,q,C+,3,0.8919634972034148,122,79
27,q,q,C+,4,0.85254329004329,122,66
27,q,q,C-,oof,0.8638922805589472,612,378
27,q,q,C-,0,0.8161725067385445,123,70
27,q,q,C-,1,0.893463230672533,123,86
27,q,q,C-,2,0.8923520923520923,122,77
27,q,q,C-,3,0.8919634972034148,122,79
27,q,q,C-,4,0.85254329004329,122,66
27,q,cq,all,oof,0.660253583864695,1224,756
27,q,cq,all,0,0.723045822102426,246,140
27,q,cq,all,1,0.635135135135135,246,172
27,q,cq,all,2,0.6800865800865802,244,154
27,q,cq,all,3,0.6730203120400353,244,158
27,q,cq,all,4,0.634469696969697,244,132
27,q,cq,C+,oof,0.6393411115633338,612,378
27,q,cq,C+,0,0.720754716981132,123,70
27,q,cq,C+,1,0.615021998742929,123,86
27,q,cq,C+,2,0.6282828282828281,122,77
27,q,cq,C+,3,0.6311451280541654,122,79
27,q,cq,C+,4,0.6336580086580087,122,66
27,q,cq,C-,oof,0.6835797946909057,612,378
27,q,cq,C-,0,0.734501347708895,123,70
27,q,cq,C-,1,0.6483343808925204,123,86
27,q,cq,C-,2,0.7347763347763347,122,77
27,q,cq,C-,3,0.7191639682072416,122,79
27,q,cq,C-,4,0.6360930735930735,122,66
27,cq,cq,all,oof,0.7946061140505586,1224,756
27,cq,cq,all,0,0.7398921832884097,246,140
27,cq,cq,all,1,0.7751414204902576,246,172
27,cq,cq,all,2,0.8421356421356422,244,154
27,cq,cq,all,3,0.8336031792758316,244,158
27,cq,cq,all,4,0.7932224025974026,244,132
27,cq,cq,C+,oof,0.795346628679962,612,378
27,cq,cq,C+,0,0.7388140161725069,123,70
27,cq,cq,C+,1,0.7844123192960403,123,86
27,cq,cq,C+,2,0.8418470418470418,122,77
27,cq,cq,C+,3,0.8230791875183986,122,79
27,cq,cq,C+,4,0.7911255411255411,122,66
27,cq,cq,C-,oof,0.7942612942612943,612,378
27,cq,cq,C-,0,0.7407008086253369,123,70
27,cq,cq,C-,1,0.7661847894406035,123,86
27,cq,cq,C-,2,0.8455988455988456,122,77
27,cq,cq,C-,3,0.8419193405946424,122,79
27,cq,cq,C-,4,0.7951839826839826,122,66
27,cq,q,all,oof,0.7409781576448243,1224,756
27,cq,q,all,0,0.6859838274932615,246,140
27,cq,q,all,1,0.7652419861722187,246,172
27,cq,q,all,2,0.8138528138528138,244,154
27,cq,q,all,3,0.7035619664409773,244,158
27,cq,q,all,4,0.761904761904762,244,132
27,cq,q,C+,oof,0.7409781576448243,612,378
27,cq,q,C+,0,0.6859838274932615,123,70
27,cq,q,C+,1,0.7652419861722187,123,86
27,cq,q,C+,2,0.8138528138528138,122,77
27,cq,q,C+,3,0.7035619664409772,122,79
27,cq,q,C+,4,0.7619047619047619,122,66
27,cq,q,C-,oof,0.7409781576448243,612,378
27,cq,q,C-,0,0.6859838274932615,123,70
27,cq,q,C-,1,0.7652419861722187,123,86
27,cq,q,C-,2,0.8138528138528138,122,77
27,cq,q,C-,3,0.7035619664409772,122,79
27,cq,q,C-,4,0.7619047619047619,122,66
28,q,q,all,oof,0.8610545832768055,1224,756
28,q,q,all,0,0.8123989218328842,246,140
28,q,q,all,1,0.8846637335009427,246,172
28,q,q,all,2,0.8946608946608947,244,154
28,q,q,all,3,0.8825434206652929,244,158
28,q,q,all,4,0.8536255411255411,244,132
28,q,q,C+,oof,0.8610545832768055,612,378
28,q,q,C+,0,0.8123989218328841,123,70
28,q,q,C+,1,0.8846637335009427,123,86
28,q,q,C+,2,0.8946608946608946,122,77
28,q,q,C+,3,0.8825434206652929,122,79
28,q,q,C+,4,0.8536255411255412,122,66
28,q,q,C-,oof,0.8610545832768055,612,378
28,q,q,C-,0,0.8123989218328841,123,70
28,q,q,C-,1,0.8846637335009427,123,86
28,q,q,C-,2,0.8946608946608946,122,77
28,q,q,C-,3,0.8825434206652929,122,79
28,q,q,C-,4,0.8536255411255412,122,66
28,q,cq,all,oof,0.6499909555465111,1224,756
28,q,cq,all,0,0.7176549865229109,246,140
28,q,cq,all,1,0.6447203016970458,246,172
28,q,cq,all,2,0.6644300144300144,244,154
28,q,cq,all,3,0.6520459228731234,244,158
28,q,cq,all,4,0.6204004329004329,244,132
28,q,cq,C+,oof,0.6317211594989373,612,378
28,q,cq,C+,0,0.7202156334231806,123,70
28,q,cq,C+,1,0.6473915776241358,123,86
28,q,cq,C+,2,0.6193362193362193,122,77
28,q,cq,C+,3,0.6022961436561671,122,79
28,q,cq,C+,4,0.6098484848484849,122,66
28,q,cq,C-,oof,0.6718898385565051,612,378
28,q,cq,C-,0,0.7250673854447439,123,70
28,q,cq,C-,1,0.6458202388434946,123,86
28,q,cq,C-,2,0.7220779220779221,122,77
28,q,cq,C-,3,0.6988519281719164,122,79
28,q,cq,C-,4,0.6271645021645023,122,66
28,cq,cq,all,oof,0.7865282865282864,1224,756
28,cq,cq,all,0,0.7444070080862534,246,140
28,cq,cq,all,1,0.7650848522941546,246,172
28,cq,cq,all,2,0.8369408369408369,244,154
28,cq,cq,all,3,0.8121872240211954,244,158
28,cq,cq,all,4,0.7862554112554112,244,132
28,cq,cq,C+,oof,0.789241622574956,612,378
28,cq,cq,C+,0,0.7557951482479784,123,70
28,cq,cq,C+,1,0.7737272155876807,123,86
28,cq,cq,C+,2,0.8352092352092353,122,77
28,cq,cq,C+,3,0.8007065057403591,122,79
28,cq,cq,C+,4,0.7892316017316017,122,66
28,cq,cq,C-,oof,0.7838036449147561,612,378
28,cq,cq,C-,0,0.7309973045822102,123,70
28,cq,cq,C-,1,0.7545568824638592,123,86
28,cq,cq,C-,2,0.838961038961039,122,77
28,cq,cq,C-,3,0.8242566970856638,122,79
28,cq,cq,C-,4,0.7859848484848484,122,66
28,cq,q,all,oof,0.7507574729796953,1224,756
28,cq,q,all,0,0.7296495956873316,246,140
28,cq,q,all,1,0.7891263356379635,246,172
28,cq,q,all,2,0.8207792207792207,244,154
28,cq,q,all,3,0.6741242272593464,244,158
28,cq,q,all,4,0.7483766233766235,244,132
28,cq,q,C+,oof,0.7507574729796952,612,378
28,cq,q,C+,0,0.7296495956873315,123,70
28,cq,q,C+,1,0.7891263356379636,123,86
28,cq,q,C+,2,0.8207792207792207,122,77
28,cq,q,C+,3,0.6741242272593465,122,79
28,cq,q,C+,4,0.7483766233766234,122,66
28,cq,q,C-,oof,0.7507574729796952,612,378
28,cq,q,C-,0,0.7296495956873315,123,70
28,cq,q,C-,1,0.7891263356379636,123,86
28,cq,q,C-,2,0.8207792207792207,122,77
28,cq,q,C-,3,0.6741242272593465,122,79
28,cq,q,C-,4,0.7483766233766234,122,66
29,q,q,all,oof,0.866831727942839,1224,756
29,q,q,all,0,0.8188679245283019,246,140
29,q,q,all,1,0.8937774984286613,246,172
29,q,q,all,2,0.8987012987012988,244,154
29,q,q,all,3,0.8946128937297615,244,158
29,q,q,all,4,0.8530844155844155,244,132
29,q,q,C+,oof,0.866831727942839,612,378
29,q,q,C+,0,0.8188679245283019,123,70
29,q,q,C+,1,0.8937774984286612,123,86
29,q,q,C+,2,0.8987012987012987,122,77
29,q,q,C+,3,0.8946128937297616,122,79
29,q,q,C+,4,0.8530844155844155,122,66
29,q,q,C-,oof,0.866831727942839,612,378
29,q,q,C-,0,0.8188679245283019,123,70
29,q,q,C-,1,0.8937774984286612,123,86
29,q,q,C-,2,0.8987012987012987,122,77
29,q,q,C-,3,0.8946128937297616,122,79
29,q,q,C-,4,0.8530844155844155,122,66
29,q,cq,all,oof,0.6597844028399584,1224,756
29,q,cq,all,0,0.7269541778975741,246,140
29,q,cq,all,1,0.6604336895034569,246,172
29,q,cq,all,2,0.6611111111111111,244,154
29,q,cq,all,3,0.6670591698557551,244,158
29,q,cq,all,4,0.612486471861472,244,132
29,q,cq,C+,oof,0.6416248360692804,612,378
29,q,cq,C+,0,0.7274932614555256,123,70
29,q,cq,C+,1,0.6539912005028284,123,86
29,q,cq,C+,2,0.6207792207792207,122,77
29,q,cq,C+,3,0.6234913158669414,122,79
29,q,cq,C+,4,0.6057900432900433,122,66
29,q,cq,C-,oof,0.6845181567403791,612,378
29,q,cq,C-,0,0.7331536388140162,123,70
29,q,cq,C-,1,0.6725329981143935,123,86
29,q,cq,C-,2,0.718037518037518,122,77
29,q,cq,C-,3,0.7179864586399763,122,79
29,q,cq,C-,4,0.6195887445887447,122,66
29,cq,cq,all,oof,0.7870850856961968,1224,756
29,cq,cq,all,0,0.7462264150943396,246,140
29,cq,cq,all,1,0.7815053425518542,246,172
29,cq,cq,all,2,0.8277056277056277,244,154
29,cq,cq,all,3,0.8164556962025317,244,158
29,cq,cq,all,4,0.7777326839826839,244,132
29,cq,cq,C+,oof,0.7904174015285126,612,378
29,cq,cq,C+,0,0.7587601078167117,123,70
29,cq,cq,C+,1,0.7884978001257071,123,86
29,cq,cq,C+,2,0.8167388167388168,122,77
29,cq,cq,C+,3,0.8045334118339711,122,79
29,cq,cq,C+,4,0.7913961038961039,122,66
29,cq,cq,C-,oof,0.7839393117170896,612,378
29,cq,cq,C-,0,0.7309973045822102,123,70
29,cq,cq,C-,1,0.7715273412947833,123,86
29,cq,cq,C-,2,0.8415584415584415,122,77
29,cq,cq,C-,3,0.8269060936120106,122,79
29,cq,cq,C-,4,0.7648809523809523,122,66
29,cq,q,all,oof,0.7546352824130602,1224,756
29,cq,q,all,0,0.721832884097035,246,140
29,cq,q,all,1,0.79855436832181,246,172
29,cq,q,all,2,0.8089466089466089,244,154
29,cq,q,all,3,0.6979687959964674,244,158
29,cq,q,all,4,0.746482683982684,244,132
29,cq,q,C+,oof,0.7546352824130602,612,378
29,cq,q,C+,0,0.721832884097035,123,70
29,cq,q,C+,1,0.7985543683218101,123,86
29,cq,q,C+,2,0.8089466089466089,122,77
29,cq,q,C+,3,0.6979687959964676,122,79
29,cq,q,C+,4,0.746482683982684,122,66
29,cq,q,C-,oof,0.7546352824130602,612,378
29,cq,q,C-,0,0.721832884097035,123,70
29,cq,q,C-,1,0.7985543683218101,123,86
29,cq,q,C-,2,0.8089466089466089,122,77
29,cq,q,C-,3,0.6979687959964676,122,79
29,cq,q,C-,4,0.746482683982684,122,66
30,q,q,all,oof,0.8722470944693168,1224,756
30,q,q,all,0,0.8194070080862533,246,140
30,q,q,all,1,0.8969201759899434,246,172
30,q,q,all,2,0.9105339105339106,244,154
30,q,q,all,3,0.8990285546070063,244,158
30,q,q,all,4,0.862012987012987,244,132
30,q,q,C+,oof,0.8722470944693168,612,378
30,q,q,C+,0,0.8194070080862534,123,70
30,q,q,C+,1,0.8969201759899434,123,86
30,q,q,C+,2,0.9105339105339105,122,77
30,q,q,C+,3,0.8990285546070063,122,79
30,q,q,C+,4,0.862012987012987,122,66
30,q,q,C-,oof,0.8722470944693168,612,378
30,q,q,C-,0,0.8194070080862534,123,70
30,q,q,C-,1,0.8969201759899434,123,86
30,q,q,C-,2,0.9105339105339105,122,77
30,q,q,C-,3,0.8990285546070063,122,79
30,q,q,C-,4,0.862012987012987,122,66
30,q,cq,all,oof,0.6538037579704247,1224,756
30,q,cq,all,0,0.726010781671159,246,140
30,q,cq,all,1,0.6623192960402261,246,172
30,q,cq,all,2,0.6542568542568542,244,154
30,q,cq,all,3,0.6768472181336475,244,158
30,q,cq,all,4,0.5765016233766234,244,132
30,q,cq,C+,oof,0.6295731017953239,612,378
30,q,cq,C+,0,0.7175202156334232,123,70
30,q,cq,C+,1,0.6473915776241358,123,86
30,q,cq,C+,2,0.6080808080808081,122,77
30,q,cq,C+,3,0.627906976744186,122,79
30,q,cq,C+,4,0.5587121212121212,122,66
30,q,cq,C-,oof,0.6829014606792384,612,378
30,q,cq,C-,0,0.7431266846361186,123,70
30,q,cq,C-,1,0.6775612822124449,123,86
30,q,cq,C-,2,0.7119769119769119,122,77
30,q,cq,C-,3,0.7368266117162202,122,79
30,q,cq,C-,4,0.5928030303030303,122,66
30,cq,cq,all,oof,0.7810507393840727,1224,756
30,cq,cq,all,0,0.7469676549865228,246,140
30,cq,cq,all,1,0.7833123821495913,246,172
30,cq,cq,all,2,0.8207792207792208,244,154
30,cq,cq,all,3,0.8012216661760377,244,158
30,cq,cq,all,4,0.7820616883116884,244,132
30,cq,cq,C+,oof,0.7802876136209469,612,378
30,cq,cq,C+,0,0.7576819407008086,123,70
30,cq,cq,C+,1,0.784098051539912,123,86
30,cq,cq,C+,2,0.7997113997113997,122,77
30,cq,cq,C+,3,0.7886370326758906,122,79
30,cq,cq,C+,4,0.7892316017316018,122,66
30,cq,cq,C-,oof,0.7812372812372812,612,378
30,cq,cq,C-,0,0.7353099730458221,123,70
30,cq,cq,C-,1,0.7809553739786298,123,86
30,cq,cq,C-,2,0.8421356421356421,122,77
30,cq,cq,C-,3,0.8095378274948484,122,79
30,cq,cq,C-,4,0.7778679653679653,122,66
30,cq,q,all,oof,0.7656355989689323,1224,756
30,cq,q,all,0,0.7477088948787062,246,140
30,cq,q,all,1,0.8004399748585795,246,172
30,cq,q,all,2,0.8106782106782107,244,154
30,cq,q,all,3,0.7235796290844863,244,158
30,cq,q,all,4,0.7581168831168831,244,132
30,cq,q,C+,oof,0.7656355989689322,612,378
30,cq,q,C+,0,0.7477088948787062,123,70
30,cq,q,C+,1,0.8004399748585795,123,86
30,cq,q,C+,2,0.8106782106782106,122,77
30,cq,q,C+,3,0.7235796290844863,122,79
30,cq,q,C+,4,0.7581168831168832,122,66
30,cq,q,C-,oof,0.7656355989689322,612,378
30,cq,q,C-,0,0.7477088948787062,123,70
30,cq,q,C-,1,0.8004399748585795,123,86
30,cq,q,C-,2,0.8106782106782106,122,77
30,cq,q,C-,3,0.7235796290844863,122,79
30,cq,q,C-,4,0.7581168831168832,122,66
31,q,q,all,oof,0.8739881517659296,1224,756
31,q,q,all,0,0.8102425876010781,246,140
31,q,q,all,1,0.8997485857950974,246,172
31,q,q,all,2,0.9125541125541126,244,154
31,q,q,all,3,0.9072711215778628,244,158
31,q,q,all,4,0.869047619047619,244,132
31,q,q,C+,oof,0.8739881517659296,612,378
31,q,q,C+,0,0.8102425876010781,123,70
31,q,q,C+,1,0.8997485857950974,123,86
31,q,q,C+,2,0.9125541125541126,122,77
31,q,q,C+,3,0.9072711215778628,122,79
31,q,q,C+,4,0.869047619047619,122,66
31,q,q,C-,oof,0.8739881517659296,612,378
31,q,q,C-,0,0.8102425876010781,123,70
31,q,q,C-,1,0.8997485857950974,123,86
31,q,q,C-,2,0.9125541125541126,122,77
31,q,q,C-,3,0.9072711215778628,122,79
31,q,q,C-,4,0.869047619047619,122,66
31,q,cq,all,oof,0.6460311807534029,1224,756
31,q,cq,all,0,0.7146226415094339,246,140
31,q,cq,all,1,0.6726901319924576,246,172
31,q,cq,all,2,0.6728715728715727,244,154
31,q,cq,all,3,0.6823667942302032,244,158
31,q,cq,all,4,0.5727813852813852,244,132
31,q,cq,C+,oof,0.6186971464749242,612,378
31,q,cq,C+,0,0.704043126684636,123,70
31,q,cq,C+,1,0.6627906976744186,123,86
31,q,cq,C+,2,0.6262626262626262,122,77
31,q,cq,C+,3,0.6335001471886959,122,79
31,q,cq,C+,4,0.5403138528138528,122,66
31,q,cq,C-,oof,0.6743883688328134,612,378
31,q,cq,C-,0,0.731266846361186,123,70
31,q,cq,C-,1,0.6785040854808296,123,86
31,q,cq,C-,2,0.7215007215007214,122,77
31,q,cq,C-,3,0.7400647630261997,122,79
31,q,cq,C-,4,0.5987554112554112,122,66
31,cq,cq,all,oof,0.7799936688825578,1224,756
31,cq,cq,all,0,0.7512129380053908,246,140
31,cq,cq,all,1,0.7862193588937774,246,172
31,cq,cq,all,2,0.8206349206349206,244,154
31,cq,cq,all,3,0.7936414483367678,244,158
31,cq,cq,all,4,0.7748917748917749,244,132
31,cq,cq,C+,oof,0.7797675575453353,612,378
31,cq,cq,C+,0,0.7611859838274934,123,70
31,cq,cq,C+,1,0.7950974230043998,123,86
31,cq,cq,C+,2,0.8051948051948051,122,77
31,cq,cq,C+,3,0.7768619370032381,122,79
31,cq,cq,C+,4,0.7797619047619048,122,66
31,cq,cq,C-,oof,0.7805476416587527,612,378
31,cq,cq,C-,0,0.7398921832884098,123,70
31,cq,cq,C-,1,0.7768698931489628,123,86
31,cq,cq,C-,2,0.8352092352092352,122,77
31,cq,cq,C-,3,0.8057109214012363,122,79
31,cq,cq,C-,4,0.7683982683982682,122,66
31,cq,q,all,oof,0.7806833084610861,1224,756
31,cq,q,all,0,0.7398921832884097,246,140
31,cq,q,all,1,0.8356379635449404,246,172
31,cq,q,all,2,0.7994227994227995,244,154
31,cq,q,all,3,0.7615543126287901,244,158
31,cq,q,all,4,0.7876082251082253,244,132
31,cq,q,C+,oof,0.7806833084610861,612,378
31,cq,q,C+,0,0.7398921832884097,123,70
31,cq,q,C+,1,0.8356379635449404,123,86
31,cq,q,C+,2,0.7994227994227994,122,77
31,cq,q,C+,3,0.76155431262879,122,79
31,cq,q,C+,4,0.7876082251082251,122,66
31,cq,q,C-,oof,0.7806833084610861,612,378
31,cq,q,C-,0,0.7398921832884097,123,70
31,cq,q,C-,1,0.8356379635449404,123,86
31,cq,q,C-,2,0.7994227994227994,122,77
31,cq,q,C-,3,0.76155431262879,122,79
31,cq,q,C-,4,0.7876082251082251,122,66
32,q,q,all,oof,0.8616876950210283,1224,756
32,q,q,all,0,0.8002695417789757,246,140
32,q,q,all,1,0.8959773727215589,246,172
32,q,q,all,2,0.8975468975468974,244,154
32,q,q,all,3,0.8972622902561083,244,158
32,q,q,all,4,0.8520021645021645,244,132
32,q,q,C+,oof,0.8616876950210283,612,378
32,q,q,C+,0,0.8002695417789757,123,70
32,q,q,C+,1,0.8959773727215588,123,86
32,q,q,C+,2,0.8975468975468974,122,77
32,q,q,C+,3,0.8972622902561083,122,79
32,q,q,C+,4,0.8520021645021645,122,66
32,q,q,C-,oof,0.8616876950210283,612,378
32,q,q,C-,0,0.8002695417789757,123,70
32,q,q,C-,1,0.8959773727215588,123,86
32,q,q,C-,2,0.8975468975468974,122,77
32,q,q,C-,3,0.8972622902561083,122,79
32,q,q,C-,4,0.8520021645021645,122,66
32,q,cq,all,oof,0.6368623660290327,1224,756
32,q,cq,all,0,0.697843665768194,246,140
32,q,cq,all,1,0.6927247014456316,246,172
32,q,cq,all,2,0.6810966810966811,244,154
32,q,cq,all,3,0.6651457168089491,244,158
32,q,cq,all,4,0.6107278138528139,244,132
32,q,cq,C+,oof,0.624689096911319,612,378
32,q,cq,C+,0,0.7032345013477089,123,70
32,q,cq,C+,1,0.707416719044626,123,86
32,q,cq,C+,2,0.6447330447330448,122,77
32,q,cq,C+,3,0.6396820724168384,122,79
32,q,cq,C+,4,0.6028138528138527,122,66
32,q,cq,C-,oof,0.654049654049654,612,378
32,q,cq,C-,0,0.7018867924528301,123,70
32,q,cq,C-,1,0.6882463859208046,123,86
32,q,cq,C-,2,0.724963924963925,122,77
32,q,cq,C-,3,0.710921401236385,122,79
32,q,cq,C-,4,0.6287878787878788,122,66
32,cq,cq,all,oof,0.7641715280604169,1224,756
32,cq,cq,all,0,0.7125336927223719,246,140
32,cq,cq,all,1,0.7965901948460087,246,172
32,cq,cq,all,2,0.8188311688311688,244,154
32,cq,cq,all,3,0.7625846335001472,244,158
32,cq,cq,all,4,0.7651515151515151,244,132
32,cq,cq,C+,oof,0.7643580699136254,612,378
32,cq,cq,C+,0,0.731266846361186,123,70
32,cq,cq,C+,1,0.8230672532998115,123,86
32,cq,cq,C+,2,0.799134199134199,122,77
32,cq,cq,C+,3,0.7415366499852811,122,79
32,cq,cq,C+,4,0.7757034632034632,122,66
32,cq,cq,C-,oof,0.7633631800298467,612,378
32,cq,cq,C-,0,0.6962264150943396,123,70
32,cq,cq,C-,1,0.7737272155876809,123,86
32,cq,cq,C-,2,0.8395382395382396,122,77
32,cq,cq,C-,3,0.7798057109214013,122,79
32,cq,cq,C-,4,0.7575757575757576,122,66
32,cq,q,all,oof,0.7227875005652784,1224,756
32,cq,q,all,0,0.6859838274932614,246,140
32,cq,q,all,1,0.8214959145191703,246,172
32,cq,q,all,2,0.7445887445887447,244,154
32,cq,q,all,3,0.7023844568737121,244,158
32,cq,q,all,4,0.7524350649350648,244,132
32,cq,q,C+,oof,0.7227875005652784,612,378
32,cq,q,C+,0,0.6859838274932614,123,70
32,cq,q,C+,1,0.8214959145191703,123,86
32,cq,q,C+,2,0.7445887445887446,122,77
32,cq,q,C+,3,0.7023844568737121,122,79
32,cq,q,C+,4,0.7524350649350648,122,66
32,cq,q,C-,oof,0.7227875005652784,612,378
32,cq,q,C-,0,0.6859838274932614,123,70
32,cq,q,C-,1,0.8214959145191703,123,86
32,cq,q,C-,2,0.7445887445887446,122,77
32,cq,q,C-,3,0.7023844568737121,122,79
32,cq,q,C-,4,0.7524350649350648,122,66
